id,domain,status,purchase_price,renewal_price,attractiveness,demand,length,registrar,created_at,expires_at
001ad692-57c0-4f91-8ddb-50f0232b8f9c,thereaway.site,available,2.99,,58,1,10,name.com,,
00f6dfa8-2062-492f-8542-72977964e5b7,publicservice.site,resell,,,65,8,14,Atak Domain Bilgi Teknolojileri A.Ş.,22/09/2025 07:17,22/09/2026 23:59
01228943-45a0-47c0-9214-918545597f44,IamHIVpositive.site,available,31.98,,44,1,17,namecheap,,
0147d54b-44fa-4f1e-a12e-5f72815123c4,keepitdown.site,available,2.99,,46,0,12,name.com,,
0183d078-3872-4fb0-98fc-6cd8d0d7f60c,horns.site,available,2.99,,56,9,5,name.com,,
01c89ad9-5811-4831-b824-6d6b8a0f688c,filesize.site,available,2.99,,64,2,9,name.com,,
01d0e6cd-9d08-443c-bb1a-ad35a550e0a6,filewith.site,available,2.99,,68,2,9,name.com,,
01f6bf1b-6d5b-4608-8dfb-22e46f693297,translating.site,resell,,,54,7,11,"GoDaddy.com, LLC",05/03/2026 10:40,05/03/2027 23:59
021c9476-af60-457d-aaff-f967d37e876f,behindschedule.site,available,2.99,,38,1,15,name.com,,
02921f79-4914-4bb2-b701-8d62fd381757,overwith.site,available,2.99,,60,1,9,name.com,,
0334a725-9bcf-4cef-924d-e3a6be1a2715,devoured.site,available,2.99,,40,3,8,name.com,,
03e5c48a-0075-4ab9-bcb6-e15f8299dc44,slugs.site,premium,78.12,,52,6,5,name.com,,
04f6a45a-1523-4677-9b7c-904e382d0a44,chunks.site,available,2.99,,46,8,6,name.com,,
066a68eb-e553-4c7c-b752-99ebd9825ac6,newsreporter.site,available,2.99,,46,4,13,name.com,,
077a2b4d-226b-48f6-894e-e46eab624f9c,smashup.site,available,2.99,,58,5,8,name.com,,
091eef58-b078-4538-914c-cfb3ddc0a6b8,threats.site,premium,78.12,,44,8,7,name.com,,
0b1e8b88-a9d6-4f76-8757-bc74120e8ccb,stuffyou.site,available,2.99,,44,1,9,name.com,,
0d022ad2-1145-490e-b494-e5772777f459,gotothewashroom.site,available,2.99,,56,1,18,name.com,,
0db5b316-f671-4c30-9039-d87e4f144eb1,scootover.site,available,2.99,,66,2,10,name.com,,
0e49dcc8-7943-4331-841b-d86e8a62dd48,racetrack.site,available,2.99,,77,10,10,name.com,,
0e66257a-11e4-4ab0-ac6f-d7130c482af0,suggestions.site,available,2.99,,56,5,11,name.com,,
0f9751e1-f2ec-47c1-a166-f775dfa1aaa9,childmurderer.site,available,2.99,,30,1,14,name.com,,
1005b12e-fc6d-4f51-be6c-1a49dd960b29,makeone.site,available,2.99,,76,4,8,name.com,,
108f59c4-e465-429e-ac33-2c6dd7d8fd47,goballistic.site,available,2.99,,68,2,12,name.com,,
131295ec-061e-4fc1-a0e7-40e9302c841d,throws.site,available,2.99,,52,5,6,name.com,,
13157024-de87-4a3d-90ef-9570d7334aac,overrated.site,available,2.99,,60,6,10,name.com,,
132bd7ae-beef-4f4d-87b5-a670a8cbac69,Ihavecancer.site,available,31.98,,44,2,13,namecheap,,
1367d90d-c25e-4fa2-8fcd-58d9e3e86c71,hightea.site,resell,,,76,8,8,Atak Domain Bilgi Teknolojileri A.Ş.,22/09/2025 09:27,22/09/2026 23:59
13efa1ca-3f9a-4cfa-b6ba-de71ca20be09,indanger.site,available,2.99,,60,1,9,name.com,,
15253a24-b627-4dec-bb7a-64529544a2f6,keypress.site,available,2.99,,76,5,9,name.com,,
176ab011-189f-4095-af2f-c5fa707bc76d,temporarily.site,available,2.99,,62,4,11,name.com,,
177bb260-2fd0-4cee-a39d-20c6f6456559,finalfrontier.site,available,2.99,,76,7,14,name.com,,
18415ae8-af25-4a5d-8291-aa939468ebf5,setfree.site,available,2.99,,80,6,8,name.com,,
18a12840-72db-4410-ad49-3f6d4e320b73,manuallabour.site,available,2.99,,58,1,13,name.com,,
192bc65a-cb27-4057-97a2-76b6ede80f3e,poundcake.site,available,2.99,,78,4,10,name.com,,
192f4ea0-0768-43a3-b5e8-94697588bd41,rubs.site,available,2.99,,52,6,4,name.com,,
196addb5-3ffd-4b6a-9c18-9fe6b056df6d,clickbait.site,available,2.99,,66,11,9,name.com,,
1a1597ad-7ddf-47da-8a9b-617060f292cd,refreshment.site,available,2.99,,74,4,11,name.com,,
1a9d6d58-3862-4d83-a5b3-d797e4b1eaa3,terrifies.site,available,2.99,,39,1,9,name.com,,
1ac0f777-7bfa-43f8-8d54-edf1bc731bc4,godownhill.site,available,2.99,,68,1,11,name.com,,
1ace048c-e226-46b8-b7a4-785c68031c3e,rumorhasit.site,available,2.99,,47,2,12,name.com,,
1ae58ae1-98ba-4e4c-995a-467f3b39c2fa,explained.site,resell,,,50,10,9,"Spaceship, Inc.",06/12/2024 08:49,06/12/2026 23:59
1bd6c1b8-613f-4ba1-bdc8-c0404cccdf33,Obamacare.site,available,31.98,,66,8,10,namecheap,,
1c2b831e-4194-4155-80a7-9e24d584eff6,counterattack.site,premium,156.25,,64,3,14,name.com,,
1cbce748-ad63-41c3-a99b-1e43f97b84b0,sawoff.site,available,2.99,,60,1,7,name.com,,
1e284658-1a87-40db-b0b1-0a2854ae3f68,streetcred.site,available,2.99,,74,9,11,name.com,,
1e5fb5a0-fcba-4798-8be4-d7c3aec166f0,operators.site,resell,,,52,13,9,"DNSPod, Inc.",15/11/2024 12:30,15/11/2034 23:59
1faec19d-e30d-4201-915a-a47dd82d63ff,floods.site,premium,78.12,,38,6,6,name.com,,
2043e0cf-5cef-4abc-addc-e068575aae5c,alcoholaddiction.site,available,2.99,,50,3,17,name.com,,
2072afb8-bf92-4a44-90f4-c79ba75816f8,havenosympathy.site,available,2.99,,54,1,16,name.com,,
20ed8c76-08dc-462e-b55f-122a570da6e3,paperingover.site,available,2.99,,53,1,13,name.com,,
2110f4fe-7338-447d-813c-5d36d6dc712e,OxyContin.site,available,2.99,,64,6,9,name.com,,
22b3a2a3-0799-44e4-ae1d-007b1429b8ae,desktoppublishing.site,available,2.99,,66,3,18,name.com,,
23b2dd22-8070-45d9-ae40-6e6a5974d8ce,weddingcake.site,available,2.99,,85,5,12,name.com,,
24e9895b-6462-41da-9cde-604396390992,guns.site,premium,781.25,,68,22,4,name.com,,
26c0f4ed-cb8e-4119-8b5e-e0b5d353b3c4,sucks.site,premium,78.12,,48,11,5,name.com,,
26fd9ec9-94ec-4afb-bdbf-a5e7386c2fef,Ichooseviolence.site,available,31.98,,44,1,17,namecheap,,
2732e4a9-31dc-442e-b097-dd2dd19f3421,thedamn.site,available,2.99,,38,1,8,name.com,,
274cafd2-68c8-436b-ad62-dc4c1d49c37c,royalties.site,resell,,,56,9,9,"GoDaddy.com, LLC",05/03/2026 10:40,05/03/2027 23:59
28633b61-e6f8-41f2-9662-ba3ae4db785f,risks.site,premium,312.5,,43,10,5,name.com,,
28dd622b-33c4-4e4a-89b4-d25d654b83f4,alcoholintoxication.site,available,2.99,,48,1,20,name.com,,
295c3a07-3981-4503-8cd6-7548447d2efd,fails.site,premium,78.12,,46,7,5,name.com,,
297ec954-f1a3-4829-a739-1bc2940a70f1,intune.site,resell,,,72,16,7,West263 International Limited,29/03/2026 21:55,29/03/2027 21:55
2b86c113-7216-46e2-9a3e-3416d88566de,inception.site,premium,,,74,22,9,,,
2c0a27e8-ef45-49cb-b324-5ce55f4f710f,disorders.site,premium,78.12,,46,5,9,name.com,,
2c1f7e8f-7cae-43d1-9df1-b472d3a5e706,divinejustice.site,available,2.99,,49,2,14,name.com,,
2e43c34a-be08-4c9e-b202-689d4479be50,producing.site,available,2.99,,60,6,9,name.com,,
2f6ba951-196a-4746-8b14-cf1c6feaa9f0,spillover.site,available,2.99,,68,4,10,name.com,,
310d0367-391c-43b4-8556-a23e10f9c82a,thebird.site,available,2.99,,58,6,8,name.com,,
31389c63-8269-4c97-8b56-671ef72a8021,WorldWarIV.site,available,31.98,,52,1,12,namecheap,,
31e30430-8320-4d89-8529-d426bbc1d379,proxymurder.site,available,2.99,,36,1,12,name.com,,
32352951-5164-419f-b828-7ab5ce403859,tapon.site,available,2.99,,48,5,6,name.com,,
32b84c04-69a1-40b3-8e01-8f563deaecd3,progressing.site,available,2.99,,56,3,11,name.com,,
32d80bac-d658-419a-98cf-44b4a8cbd621,noses.site,available,2.99,,48,3,5,name.com,,
35bdf0ba-22d0-4a55-b48e-b05a8eddac3c,turds.site,available,2.99,,38,3,5,name.com,,
36a53b8b-19f0-40bd-badd-1c3715575db8,foes.site,available,2.99,,46,6,4,name.com,,
3893798a-fca1-4683-a04d-caeb7d01d58d,uptoanything.site,available,2.99,,52,1,14,name.com,,
3947f962-9423-4f1a-8d40-dc7a288cac66,tonedown.site,available,2.99,,72,1,9,name.com,,
396348a9-ee8f-41fc-bc16-c4ce7d869ded,havenobusiness.site,available,2.99,,60,1,16,name.com,,
39cfa999-8dc2-4e92-a652-361eae6c211e,cometo.site,available,2.99,,74,8,7,name.com,,
3cead94a-64e8-4134-8fec-1b8c669502c3,quitting.site,available,2.99,,54,4,8,name.com,,
3d081702-bb92-4059-baec-6968f73aa9c7,uncared.site,available,2.99,,57,1,7,name.com,,
3d6a6548-27f5-45ab-8b2d-bb628cb99655,soundbar.site,available,2.99,,78,6,8,name.com,,
3de27cb3-250d-4882-ac38-9ad5707e1d65,gonuclear.site,available,2.99,,68,3,10,name.com,,
3e34b19f-87d1-44b1-836e-7e8fc4782bc7,shoveover.site,available,2.99,,59,1,10,name.com,,
3ea86beb-68d3-4f4d-82cd-f636b33e2103,blewit.site,available,2.99,,44,2,7,name.com,,
3eae38b8-6b6a-4006-ac8e-5e32c53405ae,mosquitos.site,available,2.99,,42,5,9,name.com,,
3f2c0750-d50a-46aa-a0c3-b9065afbebc7,advantages.site,available,2.99,,64,5,10,name.com,,
40f1175e-b19d-4567-bd15-9fc097461b4d,couldnotcareless.site,available,2.99,,38,0,19,name.com,,
415759e0-c53e-4860-ad54-ac011a92edd5,suspicions.site,available,2.99,,43,2,10,name.com,,
420624c1-24f9-4208-b867-fe16757e8ab0,grands.site,available,2.99,,66,8,6,name.com,,
42be1200-ffb2-4388-b3ee-c719c07a1b92,thickskinned.site,available,2.99,,52,1,13,name.com,,
42db35b7-df43-433a-adfc-37a9b3650bc4,thieves.site,available,2.99,,45,8,7,name.com,,
4460e366-c1b7-4f82-a9f3-9c9e080c1fa5,filingfees.site,available,2.99,,46,1,11,name.com,,
4525ed43-bbc0-4c85-bae5-a0632ffdd9d8,officecleaner.site,available,2.99,,41,1,14,name.com,,
45ac3919-c23b-4621-9af3-25b49ec702db,somuchso.site,available,2.99,,50,1,10,name.com,,
46e6901e-1b60-4cd5-a14c-da6687e2be23,youknowit.site,available,2.99,,88,2,11,name.com,,
47760452-ee7f-4752-86c9-7280d12c0b32,proxybattle.site,available,2.99,,44,1,12,name.com,,
493c99f4-812d-4d3a-b26d-7473ea9f421a,necessities.site,available,2.99,,58,4,11,name.com,,
4941def8-a19f-4454-9725-4f30d5e91635,cucumbers.site,available,2.99,,74,4,9,name.com,,
49cf3eb0-068f-420a-a195-c5de4590cf18,sidewindow.site,available,2.99,,44,1,11,name.com,,
49eb7dae-c0b9-4964-8623-749d93e6cd8a,rekt.site,resell,,,40,24,4,"GoDaddy.com, LLC",20/08/2025 17:40,20/08/2026 23:59
4c044d70-4ada-498a-a515-3138669d50d2,prejudices.site,available,2.99,,38,1,10,name.com,,
4c1f026f-f7af-4378-9719-2de87cb0fead,childmarriage.site,available,2.99,,48,2,14,name.com,,
4d2d8e5f-0f16-47de-a52b-4608329532a1,traps.site,premium,78.12,,68,7,5,name.com,,
4e4cff0e-9951-4f62-8dd7-297a28ed7e27,TyphoidMary.site,available,31.98,,59,1,12,namecheap,,
4f193654-2dfa-45c8-a98b-9f1b4c0c0d93,littlepeople.site,available,2.99,,70,4,13,name.com,,
4f3df777-f9e6-4ab1-9295-ed2469f15ae5,takenotes.site,available,2.99,,74,5,10,name.com,,
4fa2424b-75a1-4500-81a8-012b882fca70,preliminarily.site,available,2.99,,41,1,13,name.com,,
5033e140-ea72-4d48-af0e-f810a3e15df1,highprofile.site,available,2.99,,70,4,12,name.com,,
51e99bc6-ce1f-421c-a276-17f2e9474de0,intheend.site,premium,,,67,3,10,,,
52f7c3b0-6951-4ffa-b2d0-282a771c5841,nuclei.site,available,2.99,,44,7,6,name.com,,
53340a72-b0d4-46ad-a9a9-8582866b4ef5,howmuchisit.site,available,2.99,,48,6,14,name.com,,
54170d79-d7e2-43c4-84d3-bce49efad1af,fullfrontalnudity.site,available,2.99,,48,1,19,name.com,,
5437c1b5-4b88-4353-a694-97a5d6884be5,gomissing.site,available,2.99,,70,1,10,name.com,,
549e4f7a-d379-4ab7-a2f0-cb34329b068f,sanctions.site,available,2.99,,52,8,9,name.com,,
5764724b-f589-40f4-ab4b-da17eb8f135e,dropabombshell.site,available,2.99,,58,0,16,name.com,,
59c73fd6-41f4-47c2-a0e3-8bd0e2c5ddae,gonegative.site,available,2.99,,66,1,11,name.com,,
59ed0f61-33f8-407e-a0d3-170161176f0c,gettheboot.site,available,2.99,,70,1,12,name.com,,
5adafddf-ce03-4a01-9ce9-514079c8f013,suppresses.site,available,2.99,,44,1,10,name.com,,
5b368d91-d03a-4649-a71a-80c1ae9dd7c2,gorogue.site,available,2.99,,64,4,8,name.com,,
5d51f996-1d3c-4cd1-bf53-0bf8f826fd75,mistakenidentity.site,available,2.99,,52,2,17,name.com,,
5dc92a2d-2606-4b67-813d-f5985c401116,croptop.site,available,2.99,,80,4,8,name.com,,
5de03221-61b4-4518-909d-16393571dc7b,blackpanther.site,available,2.99,,80,10,13,name.com,,
5de4b756-9909-428f-af03-bc876f7fed9e,toburn.site,available,2.99,,50,1,7,name.com,,
5e1340e4-a160-420b-942b-425992363da2,blewagasket.site,available,2.99,,34,1,13,name.com,,
5eb7e658-2590-43d1-a74f-630923990900,smashandgrab.site,available,2.99,,48,2,14,name.com,,
605de6c4-726c-427c-84df-60cd9081dd27,SaintGeorge.site,resell,,,54,6,12,Atak Domain Bilgi Teknolojileri A.Ş.,22/09/2025 18:54,22/09/2026 23:59
6098ee05-614c-4a91-9652-3acf3648a6fe,bebothered.site,available,2.99,,63,1,11,name.com,,
60bbe1f0-5645-44ab-9b84-4136624baaca,deadonarrival.site,available,2.99,,46,2,15,name.com,,
611ac354-41cc-41f4-a12e-7f21465a751e,postbox.site,resell,,,72,17,8,Dynadot Inc,07/02/2026 16:14,07/02/2027 23:59
6183e3c4-1b62-4010-be2f-d122be25a615,proxyvoting.site,available,2.99,,62,2,12,name.com,,
63449de4-427a-49da-9968-74982599a49c,WonderWoman.site,resell,,,92,10,12,Atak Domain Bilgi Teknolojileri A.Ş.,22/09/2025 06:54,22/09/2026 23:59
63b0c6bc-6646-482e-8396-2b984a88f279,takeanap.site,available,2.99,,73,2,10,name.com,,
63e870d3-766d-4150-898b-a9593185e7ae,goastray.site,available,2.99,,66,1,9,name.com,,
64edf22b-4dae-446a-8942-323d8fe3f60d,manages.site,available,2.99,,56,3,7,name.com,,
660f859e-568e-48b9-b071-be3a0975851f,calculations.site,available,2.99,,52,4,12,name.com,,
667dbdd1-f353-42fe-9d00-5e9e98277474,havethefoggiest.site,available,2.99,,54,1,17,name.com,,
67037435-f82c-49fd-8b7e-73d294c8b000,maketime.site,available,2.99,,78,6,9,name.com,,
677c8825-2f6e-4287-ad3f-9adf07d195c8,chem.site,resell,,,74,24,4,"Chengdu West Dimension Digital Technology Co., Ltd.",15/07/2015 16:21,15/07/2026 23:59
67919ff5-eba7-458a-845c-1a485da2f514,summarizing.site,available,2.99,,46,2,11,name.com,,
679c0af9-c637-4ada-94a7-80e8b716372e,Iship.site,available,31.98,,76,6,6,namecheap,,
67e94878-ba45-4d92-acec-9136a68a433e,slipthrough.site,available,2.99,,66,1,12,name.com,,
67ed16cd-613e-4783-8f3e-2fdd6595713a,familybusiness.site,available,2.99,,68,9,15,name.com,,
68edd082-b8ed-40ee-9edc-2e73d2da5d46,sexlife.site,available,2.99,,74,6,8,name.com,,
69785096-d489-43f7-a486-5581f04960c1,onthemove.site,available,2.99,,72,10,11,name.com,,
69b8aeb6-a410-4388-b210-ce9d50c7f39b,sorethroat.site,available,2.99,,64,2,11,name.com,,
6a92df65-25c7-4cad-8cf2-b86cd95e9c25,missingperson.site,available,2.99,,60,5,14,name.com,,
6b43eba6-b41b-4b86-bfc6-e57d75c47a94,leavemealone.site,available,2.99,,42,7,14,name.com,,
6b962c27-2134-441b-884b-3e86d8518606,positions.site,available,2.99,,48,7,9,name.com,,
6c415eb3-8bde-4fc1-a12c-ab126e1af510,waitup.site,available,2.99,,63,2,7,name.com,,
6d528eaf-e47e-4aa2-ab3c-dc0a7a9d76ea,leaks.site,premium,78.12,,46,15,5,name.com,,
6d643fc9-5fe7-4b71-92fa-f3bfa26d2322,goby.site,premium,156.25,,74,9,5,name.com,,
6e1d5c30-7f8f-4537-9790-57236b0dcad1,affirmation.site,resell,,,82,10,11,Atak Domain Bilgi Teknolojileri A.Ş.,22/09/2025 12:54,22/09/2026 23:59
6e54ea84-4029-40bd-947c-2c0d27b884db,Xrays.site,available,31.98,,52,5,6,namecheap,,
717e42a8-3da6-4a74-9859-571d3dd9238c,keepunder.site,available,2.99,,66,1,10,name.com,,
719e4833-0192-47e5-b9de-8c850c5efc32,gomad.site,available,2.99,,70,5,6,name.com,,
720e291b-32df-43f6-b96d-a285f00ff6a1,flashflooding.site,available,2.99,,52,0,14,name.com,,
72852072-d13c-4ff1-ba27-ad77294d786f,whitevinegar.site,available,2.99,,66,12,13,name.com,,
72ae8f7c-fe5b-4009-963d-4bb150e08c01,thefixisin.site,available,2.99,,38,1,13,name.com,,
72cad815-bc6a-4f29-88dd-78b6d65e490f,goberserk.site,available,2.99,,68,1,10,name.com,,
7456d642-621b-4c5c-b20c-a45add69bfb6,alcoholproblem.site,available,2.99,,30,1,15,name.com,,
74990e8e-8b31-492f-8a1c-748114bd5151,uptill.site,available,2.99,,50,1,7,name.com,,
75082a31-b39c-44a2-a3eb-dd6053ff340a,getup.site,resell,,,82,14,6,Dynadot Inc,08/02/2026 00:17,08/02/2027 23:59
755f8a28-8861-4cc1-9628-9af9d592b3f4,strepthroat.site,available,2.99,,68,2,12,name.com,,
75b1058e-2e59-49a8-9fa9-296fe8f19970,arrested.site,available,2.99,,60,7,8,name.com,,
773d8c7d-e652-4651-9e3b-f217a73ee999,PopeGregoryI.site,available,31.98,,28,1,14,namecheap,,
77a4585c-5efb-4800-991d-380a1d39a305,havenot.site,available,2.99,,66,4,8,name.com,,
77ea1f82-25c7-441b-8a26-58bb8dea8d19,distresscall.site,available,2.99,,32,1,13,name.com,,
78d7a4f6-476a-4c60-8c47-f41a5c0a08bc,goAWOL.site,available,31.98,,46,2,7,namecheap,,
790b56d0-c426-46f9-92f9-8612dce7ce05,doesnotcompute.site,available,2.99,,40,3,16,name.com,,
7a06fd81-8640-4ed3-a281-59771fa38a06,coffeeman.site,available,2.99,,80,4,9,name.com,,
7c77d1f6-fd2b-431d-bffc-97d51908ced4,backbreaking.site,available,2.99,,54,1,13,name.com,,
7fa9b82e-0319-43ff-bba0-e1faeb4cb722,coffeecake.site,available,2.99,,80,2,11,name.com,,
7fe2aa84-b5e3-4ed9-9b5c-5e21312da368,revenues.site,available,2.99,,54,6,8,name.com,,
8052bfd2-47ad-45fe-b784-513c65b3789e,peed.site,premium,78.12,,54,4,4,name.com,,
81a4a24e-682b-4417-ad15-4bfd2bcd20d2,savingsaccount.site,available,2.99,,68,3,15,name.com,,
82220387-0312-489f-9f7e-41aa9eac9bd7,carbonmonoxide.site,available,2.99,,54,4,15,name.com,,
826e8ece-415f-442d-a7ec-0f1b09358696,whitesauce.site,available,2.99,,72,11,11,name.com,,
82988b72-56e1-4e26-96e2-6c92d6299a38,childrapist.site,available,2.99,,38,1,12,name.com,,
82ade76d-a4d7-47b6-9d22-ee73c79e1e7c,chiefofstaff.site,available,2.99,,60,9,14,name.com,,
83185606-0d65-49db-a990-7f19a2e74390,CyberMonday.site,available,31.98,,78,10,12,namecheap,,
83337449-b8c5-4f7e-a912-272ca998f45e,waitout.site,available,2.99,,63,1,8,name.com,,
8354840f-1866-477d-8fc6-5edb146144b7,failed.site,premium,78.12,,60,11,6,name.com,,
83bb0607-3fe9-4a04-bd9f-1ada8bf23de9,mistakes.site,premium,78.12,,52,7,8,name.com,,
83ed9dd1-117f-4040-b88c-68dd18a5d946,ofan.site,available,2.99,,44,4,5,name.com,,
83f73556-421e-42dd-96c2-c7f8f633c796,Googler.site,available,31.98,,80,6,7,namecheap,,
84aa1643-4f97-4a44-a0ca-63d341ae1c34,smashinto.site,available,2.99,,38,0,10,name.com,,
84b86eac-a191-43a1-8f3d-88f124c1c139,goawry.site,available,2.99,,66,0,7,name.com,,
84e0e64d-b9d0-4ef0-9682-7192cb3e2e15,etc.site,premium,781.25,,58,34,3,name.com,,
862db6f6-3d05-43a1-99f6-dcd578f39b94,hangover.site,premium,312.5,,62,12,9,name.com,,
8791c241-4e27-4b07-a50a-6821016ec9de,screwdrivers.site,available,2.99,,52,4,12,name.com,,
887e73f3-9e64-4990-aba7-effecda76994,worldsapart.site,available,2.99,,64,3,12,name.com,,
88b07edc-6832-40de-a681-e8fe33b4aa56,nauseousness.site,available,2.99,,58,1,12,name.com,,
89de13fa-966e-46f9-87e2-359c2ca9ef15,sedated.site,available,2.99,,43,2,7,name.com,,
8a6d2e7e-254e-463b-aa58-80a7ceaef1d3,diseases.site,premium,78.12,,40,5,8,name.com,,
8b449a38-d536-4bc8-9dbe-1b0ac54e5c6b,BlackWallStreet.site,available,2.99,,44,9,17,name.com,,
8e15046a-d750-493a-b5a7-ec25bbdede27,backtaxes.site,available,2.99,,62,3,10,name.com,,
8e15b6f4-d8e7-40ec-9312-61b31936f1c6,tbsp.site,available,2.99,,63,5,4,name.com,,
8e486c0a-cef7-4d20-84d8-ca7141b259de,lactoseintolerance.site,available,2.99,,56,2,19,name.com,,
8e72b317-073a-4181-a1ff-fb0bf5e31bcc,nitpicking.site,available,2.99,,58,1,10,name.com,,
8f2127f3-e235-42fa-9087-ecc2a34a1c54,punched.site,available,2.99,,50,3,7,name.com,,
902ef991-4fce-4c68-bde5-218fe8433dc4,smashdown.site,available,2.99,,58,2,10,name.com,,
924a2d5c-3c8e-40c7-aed0-730e8baaa4a1,costcutting.site,available,2.99,,64,3,12,name.com,,
92c7c453-0ab7-4e27-a8b2-33116245dc92,showup.site,resell,2.99,,83,18,7,West263 International Limited,19/04/2026 02:19,19/04/2027 02:19
93c8c5d8-0396-449c-9098-2db50ae5a653,refusing.site,available,2.99,,40,3,8,name.com,,
94056eb3-1233-44c4-94bb-a5e7f447b2cd,alcoholusedisorder.site,available,2.99,,48,1,20,name.com,,
94cb6199-bf5a-4865-9e7d-a80d78f345de,somewhereelse.site,available,2.99,,60,3,14,name.com,,
95624fe3-db69-49d6-aa6f-e5aae17f754f,zombies.site,premium,78.12,,44,11,7,name.com,,
96a2ef5f-2871-4839-8697-b06d08b956e6,parkup.site,available,2.99,,59,4,7,name.com,,
96d0d694-f40d-460a-872d-13e2cf25297e,tabs.site,premium,312.5,,46,19,4,name.com,,
9871e7ad-da0c-471e-9d91-f81d92c84b38,OpiumWar.site,available,31.98,,52,1,9,namecheap,,
9c6f9615-5184-46ca-b528-097bfb0355a4,beridof.site,available,2.99,,46,1,9,name.com,,
9cd8571c-96d7-4f10-ae25-32ec00dcfd97,rubbed.site,available,2.99,,62,2,6,name.com,,
9d14838b-d17a-41ee-8c44-1ad795508db2,gooverboard.site,available,2.99,,64,1,12,name.com,,
9d77ac5f-1b68-48f0-b0ec-e342f4593737,WorldWarIII.site,available,31.98,,48,3,13,namecheap,,
9e67300b-63e3-45a4-baa7-cf917be9c3a3,turnorburn.site,available,2.99,,56,1,12,name.com,,
9f75a672-3986-4e62-ac32-b93e56eef657,finalstraw.site,available,2.99,,66,2,11,name.com,,
9fbdc460-13d5-4a78-94c4-47c1921da5b3,counterfeits.site,available,2.99,,40,2,12,name.com,,
a0c8c4be-cd10-4d75-aeb1-b19d2887af8d,derive.site,resell,,,72,15,6,"GMO Internet Group, Inc. d/b/a Onamae.com",17/11/2025 09:31,17/11/2026 23:59
a0d1df90-2fc1-4044-9997-0b8767b3bd46,havenousefor.site,available,2.99,,56,0,15,name.com,,
a0d7261e-3177-4ccb-9244-099dec553621,finalreckoning.site,available,2.99,,58,2,15,name.com,,
a1fd9566-c890-4653-91c1-2c562f745970,takealeak.site,available,2.99,,63,1,11,name.com,,
a253651c-5126-49c1-a055-a9dde1abd341,manualwork.site,available,2.99,,68,1,11,name.com,,
a3b7d3e7-e6ea-4fc3-ba11-9872bc98447c,howthedevil.site,available,2.99,,40,0,13,name.com,,
a41edc8e-a07d-4228-9e68-9276942aaa1c,havetheblues.site,available,2.99,,58,1,14,name.com,,
a4a002bc-ec81-43c5-9188-b36fcd203dca,disappointment.site,available,2.99,,50,4,14,name.com,,
a8dce4bf-799c-4448-8308-39a154929e87,proxyfight.site,available,2.99,,44,1,11,name.com,,
ab2e7f8c-cc8f-46b3-b83b-ccd8a1540198,proxycard.site,available,2.99,,44,2,10,name.com,,
abad2823-628d-4eba-b228-f83ecb1a89ad,sticks.site,premium,78.12,,60,11,6,name.com,,
ac4e0a1b-2a82-4587-bcae-4c821ef3eef8,headout.site,available,2.99,,82,6,8,name.com,,
ac8cacc6-b11b-453a-976d-e83e94d3134c,instep.site,available,2.99,,72,7,7,name.com,,
acd0000d-c3dd-4fa1-8c23-77737af49566,newsarticle.site,available,2.99,,46,2,12,name.com,,
ad966826-b6af-4705-ade5-61ef7bb2894e,stuffit.site,available,2.99,,44,5,8,name.com,,
ada5cafc-cd88-4674-b867-9826ba4ee889,barbedwire.site,available,2.99,,66,3,11,name.com,,
ae38e685-9279-4b7c-b386-e5bb2e86f404,overanxious.site,available,2.99,,64,1,12,name.com,,
aee61a9b-895c-4f5a-895a-7361d082b8c8,deeper.site,resell,,,56,19,6,"GMO Internet Group, Inc. d/b/a Onamae.com",21/08/2025 06:11,21/08/2026 23:59
af09fa70-dbe2-4cfc-a6a5-21c2be0e165a,breastcancer.site,available,2.99,,58,9,13,name.com,,
af51407c-6347-4fc9-9df4-1331c07927ee,comewith.site,available,2.99,,72,3,9,name.com,,
b06bb4bc-a469-4f82-b971-f7247f99b78c,getsick.site,available,2.99,,72,1,8,name.com,,
b0b5df40-0fd2-4296-8fce-45e56f14127e,organdonation.site,available,2.99,,72,2,14,name.com,,
b18ee98c-ac55-4990-b453-e2928bd61918,disinfection.site,available,2.99,,74,5,12,name.com,,
b23f3f35-adeb-44bd-9e2f-a35e97ace333,sitaround.site,available,2.99,,66,1,10,name.com,,
b36e96ca-1fe3-4c78-ad7c-1d553658008d,structurally.site,available,2.99,,48,3,12,name.com,,
b41e6198-9a34-4464-aa70-3caca145d3ec,voted.site,available,2.99,,54,6,5,name.com,,
b51cdaf4-bd9a-47d0-b169-16b066745981,agents.site,resell,,,56,50,6,Dynadot Inc,12/12/2024 18:05,12/12/2026 23:59
b77eff2e-14f4-4b3e-b525-e77fad634df5,offcampus.site,available,2.99,,67,7,10,name.com,,
b79fee20-c50b-4456-8788-25a4af680492,solutions.site,premium,78.12,,56,31,9,name.com,,
b7f5a358-0d4a-49cb-a94c-540141e0fa09,germs.site,premium,78.12,,40,5,5,name.com,,
ba38395d-7c2a-4c26-8356-2d94cd2c4848,gonowhere.site,available,2.99,,62,2,10,name.com,,
bbc65e0d-b133-4b45-98a2-db4dbebe9268,chickensoup.site,available,2.99,,84,4,12,name.com,,
bc1f5aec-b372-4497-87ef-004fd0a6a0c3,lordoftherings.site,available,2.99,,80,5,17,name.com,,
bdb5c9be-b424-497a-a46c-9d2bd8cab173,bedamned.site,available,2.99,,38,1,9,name.com,,
bdda0f60-067a-463a-9458-b68bf6be09ca,filetypes.site,available,2.99,,46,3,9,name.com,,
bdee677e-cf3a-42a9-b26f-f3b6af9876f3,wars.site,premium,78.12,,48,10,4,name.com,,
bed07257-68f6-4342-b89b-76b00e347bde,porkroast.site,available,2.99,,59,0,10,name.com,,
c041c88b-be97-4c1b-bce6-882e05cc4290,estimated.site,available,2.99,,50,5,9,name.com,,
c15c7914-0498-49df-a769-817d183a1c1c,treehugger.site,available,2.99,,78,12,11,name.com,,
c27c2a08-bc6d-4f07-a684-e0f71e2186b4,gotto.site,available,2.99,,54,6,6,name.com,,
c78a0aac-925d-4475-9bd2-f72d01be6896,victims.site,premium,78.12,,42,5,7,name.com,,
c8ccca2f-9d30-448d-83d7-ff8637c9b20c,instore.site,resell,,,74,12,8,Alibaba Cloud Computing Ltd. d/b/a HiChina (www.net.cn),05/06/2025 01:06,05/06/2026 23:59
c989b01a-5b08-4059-8b68-8206651df4cc,hangbyathread.site,available,2.99,,56,1,16,name.com,,
cb08c174-f9fb-458f-bd96-11b6f1066e6a,counterterrorism.site,available,2.99,,52,3,17,name.com,,
cc3242cd-35e6-4751-8b82-265c27f47547,cheesedown.site,available,2.99,,62,0,11,name.com,,
cdc2ab5b-09a0-4abe-b052-e3f6d3bc16c4,keepfrom.site,available,2.99,,52,1,9,name.com,,
ce975961-0a5f-4433-8e5b-b8a96ebfde01,errors.site,premium,312.5,,46,11,6,name.com,,
cefb408a-17e1-451c-96b6-863cdf6a8682,nailed.site,premium,78.12,,58,6,6,name.com,,
cf454a56-8a1b-4804-ae80-0c005634a543,openbar.site,available,2.99,,80,6,8,name.com,,
cfb812c8-16f4-4099-b43f-dbe1b50d0600,narratives.site,available,2.99,,58,9,10,name.com,,
d1ec03cd-0645-4e06-8b7e-912980825064,somuchfor.site,available,2.99,,46,0,11,name.com,,
d246b1bf-aba7-4876-97ab-0f004690a935,voicemail.site,available,2.99,,72,10,10,name.com,,
d258f44d-2dfc-4c4e-b6c7-8de347f5e07a,thirdway.site,available,2.99,,74,7,9,name.com,,
d351c73e-d6ed-4b6f-b486-41ff59a996ce,slipin.site,available,2.99,,65,2,7,name.com,,
d444d7fe-d092-4916-af54-f83a6523552e,gobankrupt.site,available,2.99,,68,2,11,name.com,,
d5462cd4-4000-45aa-828f-e24cf1f969cb,boundaries.site,available,2.99,,56,7,10,name.com,,
d5bdfe95-049e-43be-9cd9-fcded6de3036,FinalJudgment.site,available,31.98,,54,2,14,namecheap,,
d63e0e5e-c360-4036-86a3-6b69fd87671b,rashes.site,available,2.99,,40,3,6,name.com,,
d6cb2d8a-f98f-4a29-a33b-ea8dd170a5eb,breatheeasy.site,available,2.99,,78,7,12,name.com,,
d74ce403-2079-4c9a-9f50-9f13e172438c,axes.site,resell,,,36,10,4,"GMO Internet Group, Inc. d/b/a Onamae.com",25/08/2025 02:06,25/08/2026 23:59
d8932ef3-548f-432d-9928-5f2b299c664a,razorburn.site,available,2.99,,60,1,10,name.com,,
d9120bd7-c5e5-4acb-b01a-d4fe6f6de4ac,gonowherefast.site,available,2.99,,50,1,15,name.com,,
d9fbfbb4-1725-4c69-9311-4d4784a81495,turnedoff.site,available,2.99,,42,1,10,name.com,,
da745613-3d4d-43d2-ac41-dcb6775085fc,slipitto.site,available,2.99,,64,1,10,name.com,,
db07fc57-9a90-44be-83b3-fee3f053974b,filetype.site,available,2.99,,64,3,9,name.com,,
db662d83-6d44-4906-9ae0-b07e7172032e,rightaway.site,available,2.99,,58,9,10,name.com,,
dbd36191-0eeb-4979-a3f8-658f38830545,grandad.site,resell,,,80,3,7,"NameCheap, Inc.",17/05/2023 16:23,17/05/2026 23:59
dd32389a-b78e-4873-a44c-69caa9199690,alcoholpoisoning.site,available,2.99,,48,1,17,name.com,,
ddb551b8-3777-4d0a-84f2-2ba559ce523e,Ikidyounot.site,available,31.98,,50,2,13,namecheap,,
dde964af-27d3-41cc-b0f1-0344a85c6c49,underprotest.site,available,2.99,,30,1,13,name.com,,
de936985-1910-479b-9c4a-419b722b4bf4,difficulties.site,available,2.99,,70,3,12,name.com,,
df817929-ad2a-4db8-9436-4cc7cdfbffb4,throats.site,available,2.99,,44,2,7,name.com,,
e05a7bc4-2758-4eb5-841d-b60b33302b81,paintthinner.site,available,2.99,,56,1,13,name.com,,
e108786d-bc77-48cb-b96d-b3cb4c744135,suspecting.site,available,2.99,,48,1,10,name.com,,
e179b524-f98b-4239-89a5-561abcc7af38,KeyWest.site,resell,,,76,26,8,West263 International Limited,02/02/2026 14:22,02/02/2027 23:59
e2410983-da9e-46d7-aee2-2b748a8ed334,remembrances.site,available,2.99,,51,2,12,name.com,,
e2622f7b-bffe-4961-98d5-4cb1fdad6da1,batup.site,available,2.99,,48,3,6,name.com,,
e2eb6d13-6e2c-45f2-8618-198b0f69b268,oranything.site,available,2.99,,44,1,11,name.com,,
e311f314-2701-48e7-9922-589c9b431bed,postponement.site,available,2.99,,57,1,12,name.com,,
e3b73534-2d4a-4183-80b5-7128069f1c19,slipoff.site,available,2.99,,65,1,8,name.com,,
e4531eb5-bacf-4144-b43e-bb69c7c9e30e,advertisements.site,available,2.99,,54,7,14,name.com,,
e4b677d3-eb4b-4e4e-9d7d-43a828d68ad3,wastes.site,premium,78.12,,50,4,6,name.com,,
e5468669-1518-41d8-8650-821b517cce3a,proxybullying.site,available,2.99,,28,1,14,name.com,,
e5c843aa-b74a-46eb-8282-db06ae758183,alcoholics.site,premium,78.12,,38,4,10,name.com,,
e60fc2bf-1f88-4f66-a2d1-89afb8dd594b,divorcing.site,available,2.99,,46,6,9,name.com,,
e690c203-48cd-4e44-af69-be235bab73ef,fundamentalism.site,available,2.99,,58,2,14,name.com,,
e6d9063b-23b6-4893-a5bd-52c5e396783c,leaveover.site,available,2.99,,70,1,10,name.com,,
e6e59be5-5b28-4916-80c9-004cf8f4c2cd,gototherestroom.site,available,2.99,,56,1,18,name.com,,
e76df09e-98f2-40fd-9773-f0b66eb1b708,products.site,premium,312.5,,60,23,8,name.com,,
e77b53c8-ee54-49cf-8520-04850fff00f9,skills.site,premium,312.5,,58,47,6,name.com,,
e7a0c20f-e44f-4087-9cda-adcfdc80b0aa,sellthrough.site,available,2.99,,64,2,12,name.com,,
e7b31bb6-18bd-4490-af6b-65625ee01c99,goingforward.site,available,2.99,,48,4,13,name.com,,
e7c74bed-7982-4e35-b0da-e3d4af7a5b5b,flashfloods.site,available,2.99,,42,1,12,name.com,,
e8639d86-f3c5-45cc-a4d6-18e95f2a7d1c,dont.site,premium,156.25,,42,18,4,name.com,,
e89647af-d75e-4568-9b8b-617e1f9bf970,salts.site,premium,78.12,,56,7,5,name.com,,
e9d10aa9-f29f-4e91-9832-239bd71af057,takehuff.site,available,2.99,,64,1,9,name.com,,
eadf3fc9-c3d6-4617-8062-fb3a3375095d,probablecause.site,available,2.99,,55,2,14,name.com,,
eb979050-2b1a-49df-b456-3e25592e16ff,conflicts.site,premium,78.12,,66,5,9,name.com,,
ee1d9ac1-a1cd-4df4-b047-eb0c6d8c73c5,sameoldstuff.site,available,2.99,,34,1,14,name.com,,
eed67b19-1657-4e3f-af5f-d7e3defaf912,overwhelmed.site,premium,78.12,,48,5,11,name.com,,
ef4d4371-1df0-4ac8-b831-8de06ddbf4bc,sexualassault.site,available,2.99,,43,3,14,name.com,,
ef73e3ff-9e29-4494-9928-7d05e3a2303c,JollyRoger.site,available,31.98,,82,10,11,namecheap,,
efc42ca0-f1b6-474d-86a3-c56e4cb4e770,givingin.site,available,2.99,,50,1,9,name.com,,
f0e08030-1896-4a49-8264-d1ec23307594,lies.site,premium,78.12,,60,12,4,name.com,,
f0e20742-3311-4100-a01d-aa702ea45362,sucked.site,available,2.99,,54,4,6,name.com,,
f12e5791-3a83-4f72-9f6a-17b6fe4c52a2,StGeorges.site,available,31.98,,54,6,10,namecheap,,
f17b7055-9051-48b3-adcb-26dc5a86f42d,mentalillness.site,available,2.99,,54,3,14,name.com,,
f1dfe304-3757-42a4-af17-340ba282ff1b,called.site,premium,78.12,,68,15,6,name.com,,
f2d78d8a-31e6-48b5-83b7-725e5ae4729b,packingtape.site,available,2.99,,70,2,12,name.com,,
f30ffad5-e779-4b7b-b7d5-e372ebf1d8b8,toexcess.site,available,2.99,,55,0,9,name.com,,
f37b8721-6b53-4faa-a794-42707bb5a5fa,letterofdismissal.site,available,2.99,,44,1,19,name.com,,
f3844542-a29d-4661-a13f-b7044f60ec2a,poreover.site,available,2.99,,62,1,9,name.com,,
f4a4a1f4-78d6-4a92-adb4-9fc2cd7945da,mosquitoes.site,available,2.99,,42,4,10,name.com,,
f4cd9942-ae35-423b-942a-8dc57c796435,storms.site,premium,156.25,,60,10,6,name.com,,
f5453455-453a-4e5e-84ad-d87aac3dd209,gettingeven.site,available,2.99,,48,1,12,name.com,,
f662d86b-a54f-4767-a287-a1485c78f73a,parkin.site,premium,78.12,,59,8,7,name.com,,
f6631895-16f3-46e7-b4be-eb434d33e0e4,rapmusic.site,available,2.99,,78,5,9,name.com,,
f7cb148c-4fa4-47b7-bb88-404f98f6a1ea,embrace.site,resell,,,88,26,7,West263 International Limited,21/10/2025 09:15,21/10/2026 23:59
f8b2ff77-2f25-4004-9de9-7cd558bb6b80,alotof.site,available,2.99,,60,5,8,name.com,,
f9bf853a-6d54-4b2b-ad4e-29fe97d371af,dataflow.site,resell,,,70,16,9,"Sav.com, LLC- 7",03/02/2026 09:52,03/02/2027 23:59
f9c17a33-91de-4519-be68-e4d9d4701ad0,unsettles.site,available,2.99,,43,1,9,name.com,,
fac86ef3-9cb2-417d-bf95-991da1e20312,stories.site,premium,312.5,,58,36,7,name.com,,
fc70b316-5729-4b87-b155-70aae339c756,disobedience.site,available,2.99,,64,3,12,name.com,,
fc96160b-e3a9-4d7d-93f9-5c0c66b42a90,howtheheck.site,available,2.99,,48,1,12,name.com,,
fd588957-0f56-4d00-8d10-26f077c2642a,notsomuch.site,available,2.99,,46,1,11,name.com,,
fddd405e-c1f9-46d5-9d40-d90cfbe7796e,ghosts.site,premium,312.5,,48,14,6,name.com,,
fe3ae449-5352-44ab-8fac-20fc978f2a05,wrinkles.site,available,2.99,,55,4,8,name.com,,
fe536d42-8b5c-4bc8-8ef2-f55adf05831f,havenoneofit.site,available,2.99,,56,1,15,name.com,,
fee55714-e7ef-444a-8d56-9701bc2adbb4,havenots.site,available,2.99,,60,5,9,name.com,,
ff613069-a541-496f-ba05-788bc6b412aa,cloaks.site,available,2.99,,50,5,6,name.com,,
ffcf8c3b-9083-4394-84c5-147f17bc504b,abiders.site,available,2.99,,70,2,7,name.com,,
74061db2-1228-4b31-976d-02dd01038f71,legalconsequence.site,premium,,,58,72,17,,,
c51e6d8d-9f0d-4f2e-abaa-c03798fdc9dd,CommonwealthEnglish.site,premium,,,54,72,20,,,
a2b9b10d-d7d1-4003-a91a-668eda03fa2d,amazonstone.site,premium,,,62,8,11,,,
6364b351-63cf-40c3-94d2-59132c34fb41,dynamize.site,premium,,,64,88,8,,,
d11fe2b5-e2e7-4164-9a8c-a8053b2a4c97,datasource.site,premium,,,64,80,10,,,
c561b629-1bb4-40f6-8a4e-4efd0c53915a,youthfulness.site,premium,,,,28,12,,,
84d0b85a-7d05-400c-9edc-15dc0c3e3e95,somesing.site,premium,,,58,2,8,,,
5c280904-1243-494c-aa8f-201dbbc85bf3,hellonurse.site,premium,,,60,76,11,,,
04467323-77b8-453a-a485-16c7454fb762,coffeemoney.site,premium,,,76,2,12,,,
e891dcf5-9ab8-456f-9b62-710b3efe11e2,MountLofty.site,premium,,,,68,11,,,
2949a5cc-0320-494e-b7bd-e81cd1a5252a,naturefolk.site,premium,,,,72,11,,,
f2f483d9-228e-4ff3-a267-1d7a99892b47,stakeholdersociety.site,premium,,,56,72,19,,,
6a9e8481-7fbb-492e-93dc-94afcf6d7f85,beercan.site,premium,,,62,72,8,,,
025bc091-2ca7-4013-9418-7606eb32d692,MrBig.site,premium,,,68,40,6,,,
eea83103-9944-47b6-b5a9-f8ea4023c490,lemontea.site,premium,,,62,80,9,,,
4f97d0af-3795-41fb-adc0-872d54ab9670,sunhat.site,premium,,,84,5,6,,,
2fd334fa-a98c-415d-8d6b-f89aa2df6b6d,NewBuffalo.site,premium,,,,72,11,,,
f63ddaa1-5d07-49e9-8dc6-aa66d98ef1b1,ganges.site,premium,,,58,80,6,,,
0775c6e8-fd44-40cc-8e9e-f84c5a58b78c,pennybank.site,premium,,,62,72,10,,,
68ddddae-260e-40b5-9373-95f73cf390cd,ironperiod.site,premium,,,36,72,11,,,
c33a0c57-d2af-430f-9e39-e28afb114265,crowning.site,premium,,,82,80,8,,,
85a0b959-6ee7-4cb0-bf00-df1b38c18061,playerpiano.site,premium,,,60,76,12,,,
666e5ac7-b6f7-488e-985d-425e8247dded,coverall.site,premium,,,62,84,8,,,
d21ed619-c2d2-4714-9d25-08aa710e3838,orthodontist.site,premium,,,56,84,12,,,
66264f48-1be5-4ae4-a9cc-580cf05129c3,erstwhile.site,premium,,,62,88,9,,,
1ca4fe24-9426-428f-8485-1e59f2fb01cf,watercore.site,premium,,,56,72,10,,,
ba81d6da-5d22-42e3-9c12-fa3ca9438239,silverweight.site,premium,,,,72,13,,,
76888cd6-b4bc-44be-b693-beba0249147f,chordal.site,premium,,,58,76,7,,,
1bc9c3e8-b97a-47de-ade8-b6d540565377,waterjug.site,premium,,,,72,9,,,
6397faa2-4445-4b4e-8371-0f37194f3c55,yellowsugar.site,premium,,,,72,12,,,
57770e6c-41f0-48fd-9dc7-254fc2060fb9,Steffie.site,premium,,,52,72,7,,,
0321ebdd-7e34-458a-b1cb-964f2739724f,Stennian.site,premium,,,62,72,8,,,
e12309a4-1b11-4878-847d-c28e08ebf034,butcher.site,premium,,,60,11,7,,,
4981efb4-cb1d-4fe3-a22a-d91776e2d732,hailfellow.site,premium,,,64,76,11,,,
e51a0e86-384d-466f-878e-d3f5c09db111,hillbillymango.site,premium,,,52,72,15,,,
40012b1b-2df0-4b3c-817d-92cdd9356582,splurges.site,premium,,,,8,8,,,
d9a1ec8c-f412-4618-bb83-c9b7e185790e,domesticate.site,premium,,,88,80,11,,,
9f1adf89-ecc5-4bd2-9aee-f17ac7e31de8,stages.site,premium,,,,12,6,,,
7c713b62-d61c-4edc-bccb-b2064e4631e3,regard.site,premium,,,88,80,6,,,
f66a1d3d-4848-42b1-a14d-dcee8e774deb,tucking.site,premium,,,64,72,7,,,
eb043896-212a-46cb-9d5c-9edb2c42d5f7,vesicle.site,premium,,,62,76,7,,,
d69c467c-d360-4ef2-a1c1-526973dc8bee,ingotiron.site,premium,,,54,72,10,,,
79d18d8e-0f4e-4107-9259-b652090a9211,reuses.site,premium,,,,12,6,,,
0b817342-ef6a-4c51-85b5-4a79685969ac,fingerandtoe.site,premium,,,58,72,14,,,
4ae838e1-f286-45b4-8ff4-e09ff6a23848,ambitions.site,premium,,,60,7,9,,,
1541253f-fb3e-4ed9-9078-e4cb3285f4df,reminiscent.site,premium,,,78,76,11,,,
831edc63-9be5-4545-a591-0051703442a9,ecuador.site,premium,,,62,92,7,,,
f62a2c06-8e6b-469d-acde-8fab93dc08a1,multibillions.site,premium,,,,72,13,,,
d8b1d729-bcc6-442a-9f04-2b49a06d1f0d,tameness.site,premium,,,53,72,8,,,
b8fb29e0-81a6-4cc4-a675-1dbbb3a31da3,cared.site,premium,,,46,28,5,,,
8f356d18-34c9-4c89-9c80-7b86dcb472ac,asylum.site,premium,,,62,88,6,,,
a2cf0085-b16a-4dd0-8ac8-82d44042b24f,kicksass.site,premium,,,38,12,9,,,
0b3816f3-2a49-4782-81d3-25b3c42f3084,postoffice.site,premium,,,,14,10,,,
ead89173-352b-4e58-8f06-29eaa34bdc18,astomatal.site,premium,,,34,0,9,,,
8f058601-c786-4bf1-949a-ad23d1ec9b16,domain.site,premium,,,80,38,6,,,
60a52612-b15f-4cbd-9b59-451f6f6b9b83,fraternally.site,premium,,,50,72,11,,,
c343b1f9-979c-44f6-b3ef-3015c23c4de4,mime.site,premium,,,54,76,4,,,
1bd3c6fd-68a5-4fef-884f-c5fb699e3df0,taps.site,premium,,,54,92,4,,,
3372f2b6-f89b-4d96-8284-21a043ef0bd7,multiprocessor.site,premium,,,56,72,14,,,
86683aa6-020e-4747-9e93-1e4fabd4012e,Johanna.site,premium,,,54,76,7,,,
10757b01-f1de-4759-abc0-040884711625,WestNipissing.site,premium,,,,76,14,,,
a3b039cb-d9c5-4ce6-8a71-dd9e95e366c8,thymuses.site,premium,,,,4,8,,,
2e904f79-e76b-468a-b8ca-17668d4823b8,pushthrough.site,premium,,,,76,12,,,
d3fb589d-a421-4e83-b660-4f5ab9ec60d0,childproofing.site,premium,,,34,12,13,,,
e76bb106-b22f-4a1a-8366-afa68d7c5883,performers.site,premium,,,,44,10,,,
3300a6f0-c6d4-4e28-a76b-4c4b365c140c,crayfish.site,premium,,,78,76,8,,,
abea7606-8a18-49b7-bce2-905f91b11cc4,comebackkids.site,premium,,,50,24,13,,,
502c9fb2-5a88-423e-8d61-74512a187e95,fibres.site,premium,,,40,28,6,,,
34cf45e3-c972-4b22-b480-7f32234fd8c6,forthebetter.site,premium,,,46,84,14,,,
8c188622-07d6-4b40-a640-ffb96103bc9a,putoneacross.site,premium,,,,72,14,,,
236f57ea-4907-44e4-ad68-bacce1a634eb,appeal.site,premium,,,96,17,6,,,
431f500d-a13e-4184-a7ae-04e427044874,tussaud.site,premium,,,62,72,7,,,
5656d874-9037-4079-b878-4fe09c5247bb,decidable.site,premium,,,50,80,9,,,
82818c15-af66-41ce-a241-a1f5553492de,thiazole.site,premium,,,56,72,8,,,
b7e8cd7f-9a0d-4eab-b018-d3efeffbf564,commonyears.site,premium,,,50,1,12,,,
2764e559-9f32-4311-888c-0abecff6e4e8,ganesha.site,premium,,,78,84,7,,,
2e92dad1-f578-406c-b19f-cd3fd8f4fae3,artifical.site,premium,,,34,20,9,,,
c731a4e4-8b18-432c-aaf3-3cea0b29e336,NUCJ.site,premium,,,50,72,4,,,
8b5d395c-0b07-4b7b-9169-7b5bededb5e1,gbshaw.site,premium,,,52,72,10,,,
000f75f3-bf7f-4636-91b1-cc20adece873,colligate.site,premium,,,50,1,9,,,
6542f16d-9809-4632-9f7a-03edffd46a98,maps.site,premium,1562.5,6250,56,31,4,name.com,,
fb742e9e-406d-42e9-a74f-35fb2cde2471,time.site,premium,,,128,45,4,,,
1d2b11da-4cc9-48a9-9aa9-e417737867c5,straightsix.site,premium,,,62,72,12,,,
ca1b40ad-cbd2-489b-9ad8-9595993ce3df,Fitz.site,premium,,,54,68,4,,,
ac583ff3-5e2a-4c8a-a5ae-255517dec087,NewAlbion.site,premium,,,,76,10,,,
6f55157f-293d-4f54-9ef3-32e9cc4a2274,divingplatform.site,premium,,,64,72,15,,,
5935ca92-98e9-4029-b27d-67caf639ba88,scarecrow.site,premium,,,74,76,9,,,
b9f04660-94df-4080-a7e8-d494ab577432,webform.site,premium,,,66,76,7,,,
551a4eba-a0c1-4359-b118-ffabbde12cd7,pullround.site,premium,,,58,72,10,,,
0e1260e4-50b5-4ee8-8c5e-1ccca7f10872,Iamadoctor.site,premium,,,54,1,13,,,
f490ab8f-e660-4741-b981-6924c20f9a74,caughtlooking.site,premium,,,58,72,14,,,
4e4b4edf-69a7-4342-91d6-1230480bb0c9,writeof.site,premium,,,60,72,8,,,
d4591a64-ae9e-488c-9256-68c830295296,fiveofakind.site,premium,,,58,72,14,,,
f22caeee-3fd6-470c-94e0-4ddb91263b7c,rockandroll.site,premium,,,,80,13,,,
d5ce1a8d-a74f-473e-8e2e-5cac15999bbe,adviewed.site,premium,,,32,4,8,,,
709adb5f-2e54-4084-adcb-36880938929f,sausagegravy.site,premium,,,,72,13,,,
da88d049-0e4b-4e29-b491-64de4208ad6a,guidedogs.site,premium,,,50,28,10,,,
8814cb48-2412-4d15-b5b1-8167c9b2f940,pictures.site,premium,,,,40,8,,,
171eb99e-d4ec-499c-9549-981f59199e21,discoverable.site,premium,,,56,84,12,,,
6dd57abe-c77a-4ec5-b468-acd641ce3157,bookstores.site,resell,,,42,24,10,"Go Daddy, LLC",27/12/2024 06:03,27/12/2025 23:59
9d0b8cde-0af6-4be6-9c1c-9e486f8bf898,fatchance.site,premium,,,56,72,10,,,
f421a058-3fda-485b-81b0-02a3d342aeef,commonmudpuppy.site,premium,,,40,72,15,,,
3c1f35bd-c6c6-41fb-a660-f82d5fbd7938,aak.site,premium,78.12,312.5,68,32,3,name.com,,
400b6531-2447-429d-a8d7-58f160da6a11,sportsdrinks.site,premium,,,,16,13,,,
0ade26a9-8ffb-46b9-9f6d-b1667dbb3222,marconi.site,premium,,,80,92,7,,,
7ce70903-6dc2-466c-85b5-79b17aed7d64,enduringly.site,premium,,,50,76,10,,,
78b82c45-8628-4c45-9316-cbd492a5facb,greenrod.site,premium,,,38,76,9,,,
95971852-38fe-435a-ab36-8bbd2521deca,officepaper.site,premium,,,,12,12,,,
d6103360-24f8-400b-9792-25796cf46078,taxexempt.site,premium,,,58,80,10,,,
ba66f08d-176a-4b20-9162-0c478ff5d5b7,scrambled.site,premium,,,62,80,9,,,
4e1dd212-b2fd-4395-b030-6985b49e0b04,QAI.site,premium,,,52,92,3,,,
b58871ad-54b2-47b9-a781-87514e6022fe,silverore.site,premium,,,,72,10,,,
589fc781-6ca6-459d-bd2f-15334645122e,ZamaCity.site,premium,,,,72,9,,,
f318d7cb-8a29-49cb-998f-c68343f859b8,header.site,premium,,,82,80,6,,,
cd541b4f-b1e0-4da9-a3ff-5298ce0adf6c,crib.site,premium,,,82,84,4,,,
70456b47-a9ba-422b-814b-c5b3ce3ee5e5,paternal.site,premium,,,64,2,8,,,
fde32270-2da9-4f90-8bbc-093c836b300b,NMDA.site,premium,,,,24,4,,,
c9ebe0b4-aa8d-48d5-8e0e-dc4c383d79df,rationalize.site,premium,,,65,80,11,,,
60f8b669-c8cd-418f-bb35-d0cc2f4355f5,magi.site,premium,,,58,84,4,,,
d5879dc1-0945-4e53-aacb-6f4dfb88fd2d,realnumbers.site,premium,,,,80,12,,,
79038571-accb-433c-b218-0085a4167ab6,fridgemagnet.site,premium,,,60,76,13,,,
09244b4b-5f3a-42bd-b67b-cc38ae9b6ae7,junipers.site,premium,,,38,36,8,,,
5447190d-6bee-4afa-9fa9-8c0687718f14,flashinthepan.site,premium,,,60,76,16,,,
7157a4ed-43dd-4340-9d3c-825d770a90e5,tvstation.site,premium,,,66,76,10,,,
ad93fbf9-f4aa-4c5c-ae2a-82728efeb6bf,madeforoneanother.site,premium,,,46,72,20,,,
ed0acdd7-a794-44aa-9c18-8f7816f5a5c8,refillable.site,premium,,,68,76,10,,,
47207a2e-291b-4f83-9a3e-ce0f647acf77,reheatable.site,premium,,,72,72,10,,,
14e3df9d-6093-486e-9a39-27d731311a0b,prototypeextension.site,premium,,,60,72,19,,,
039fc1e6-35a6-4702-bf7d-af6b1353b3ac,teachingly.site,premium,,,48,72,10,,,
5a186579-0a76-4366-8f6c-d3b87f72028c,lookaround.site,premium,,,60,84,11,,,
4221ee56-b584-499f-8f7e-f9fb482f0be7,leninism.site,premium,,,56,72,8,,,
3fb946f1-3706-47de-b34e-05703b19f80d,religious.site,premium,,,80,72,9,,,
a1b6900d-38de-473d-a065-208c23e3481d,Siri.site,premium,,,76,68,4,,,
21be38be-b940-4979-b741-6cdb327f7e2b,piles.site,premium,,,72,76,5,,,
55f708f9-7be9-4767-9397-0f4935433288,beckoning.site,premium,,,76,76,9,,,
79c52f45-cf09-4bd4-b9ea-c2ecd79b852f,mail.site,resell,,,94,59,4,Radix Technologies Inc. SEZC / CO Services Cayman Limited,16/02/2015 15:50,16/02/2027 23:59
464d2f84-edca-4c73-b47a-3c1e70a485cf,Susan.site,premium,,,76,16,5,,,
1c679d40-218f-432a-89f8-d0cf749c65e7,talismanic.site,premium,,,56,76,10,,,
686faacd-f162-4e68-a7fc-bcca02d397aa,coda.site,premium,,,62,92,4,,,
aabfa7ef-d2ff-4351-bd15-99703341131d,skijacket.site,premium,,,56,76,10,,,
17f46f09-be60-441a-b73e-8a7e47b38bb3,arduous.site,premium,,,60,3,7,,,
a1506523-06ff-43f9-b7df-470714770658,sheepish.site,premium,,,58,80,8,,,
9f55331e-e74d-4687-8a5e-1eeab487e496,cousin.site,premium,,,86,72,6,,,
4526c1f1-ed91-4764-818c-68eb3b4eac6a,moondaisy.site,premium,,,,72,10,,,
6a3e2c1a-b496-4127-ba59-bf9aa55feb37,eternise.site,premium,,,66,72,8,,,
29f86cb2-5cdc-4ad1-889e-366100899559,eyepencil.site,premium,,,42,76,10,,,
7ca7f263-74ea-4436-ac82-9f899ecc8b42,Atlit.site,premium,,,54,72,5,,,
73c7a6c1-d8d3-4225-b5f6-3da5224df996,welt.site,premium,,,80,84,4,,,
bbead585-2497-4b2a-92c5-77ac293d5191,canereed.site,premium,,,56,72,9,,,
620c421c-bb71-4b7b-aa8c-2828c8b29124,dovetailing.site,premium,,,52,76,11,,,
1799c8ca-2eef-4cfd-a614-8d242b97bdc2,genesilencing.site,premium,,,56,72,14,,,
52e4ba5c-b300-4ac2-84c7-39be28952fc6,maketherunning.site,premium,,,68,72,16,,,
994ee54d-aae3-4f45-8120-8c433a6527a1,verywell.site,available,2.99,46.99,68,9,9,name.com,,
171e3871-d41e-4037-bebe-c949b5520538,takeonboard.site,premium,,,,1,13,,,
a658fc9a-2897-4331-b52e-f54bd924ba36,gableroof.site,premium,,,58,72,10,,,
61c1caec-210f-4f78-a45b-f6a2d75b1361,ignitiontiming.site,premium,,,56,8,15,,,
1d6c3e4f-e1f4-4bdf-84da-f777f12c07ed,plottingroom.site,premium,,,58,72,13,,,
7bc31fca-de4e-49b0-bc82-b28e7dd02f3e,roguery.site,premium,,,56,72,7,,,
567cc7df-bc23-4492-8b51-0d3b275c4682,spiny.site,premium,,,72,4,5,,,
2c03dcf6-16c0-4786-8bf6-92a36cd8aefa,wallplug.site,premium,,,58,72,9,,,
40343e04-15a3-4992-89a8-20d723f4e52b,belittled.site,premium,,,36,1,9,,,
da457432-5de1-49ac-bc51-c315896691bb,counsels.site,premium,,,36,24,8,,,
990f8e70-eade-4f90-a26f-aae6aa806ad0,developing.site,premium,781.25,3125,74,12,10,name.com,,
fbf9dce7-ccbf-4073-bad9-c8ed9bda03b3,magnesiumphosphate.site,premium,,,54,72,19,,,
5f1187f5-30f8-4653-8c77-f4c5e31c9848,holeup.site,premium,,,58,72,7,,,
9333c874-0a6f-4b6e-a9da-6c85cf55ea04,Sengkang.site,premium,,,52,72,8,,,
15d1f075-6464-4e69-b856-8db0d3575906,moisturize.site,premium,,,73,72,10,,,
e5b6c566-45af-4695-b924-a78d69594aba,isosceles.site,premium,,,57,80,9,,,
2af45f28-cef1-487e-9047-132078917c28,rascal.site,premium,,,58,88,6,,,
c144c2aa-2d56-4b9f-8d2e-bb0aaf284a57,MillardFillmore.site,premium,,,56,72,16,,,
19fc99b4-66be-4aeb-ba00-1e8b4a8836ab,payasyoueat.site,premium,,,,72,14,,,
51fdc979-6e47-45eb-87f0-9634e2ba44f2,newwaver.site,premium,,,,72,9,,,
d2265e76-45ab-4d98-ba2d-7f1b125c1394,runningshed.site,premium,,,54,72,12,,,
fc303a15-602a-4cac-9528-aded2c50ece4,advantaged.site,premium,,,70,72,10,,,
0298fa2a-7397-46a6-a0a6-5c51c0cdd1b7,longshore.site,premium,,,50,36,9,,,
a1a040a3-f3d2-4e68-9da0-f17afc05737e,potsticker.site,premium,,,58,76,10,,,
c235ad65-a7fa-49a2-8d67-46915ac9422f,benchscraper.site,premium,,,62,80,13,,,
684b3e91-660c-4422-9d9f-e90708385ca0,beerkeg.site,premium,,,62,76,8,,,
3e7f7b3e-576d-4c25-b078-b6917aaa5334,GermanRex.site,premium,,,66,72,10,,,
ed246355-ecf4-4517-a5ea-8b615e9464af,topten.site,resell,,,72,88,7,"Go Daddy, LLC",05/09/2022 08:22,05/09/2025 23:59
b55b7648-6d21-48e4-9dda-33e0a2362dd3,quietness.site,premium,,,62,80,9,,,
66100e0e-7f16-482b-a817-6a78d320c560,confiture.site,premium,,,68,80,9,,,
60773292-2079-4b14-b35e-fc2d3a375588,PioneerDays.site,premium,,,,12,12,,,
ca68b610-9169-4eb8-99f7-dd3a79f405a8,goto.site,premium,,,66,45,5,,,
094c5f42-cc34-4e2f-9c23-adab5f78f9d9,irrationality.site,premium,,,54,72,13,,,
8091a34a-2a52-4db6-bbfa-24461d909161,couchantandlevant.site,premium,,,52,4,19,,,
3e2d46b8-ed83-44e0-b6a0-a41ced7ffba4,route.site,premium,,,56,80,5,,,
7b03c32c-f6ba-4d45-896f-55219a437fff,bedrid.site,premium,,,48,1,6,,,
46e4281b-0bbb-410a-8c5c-2d7627a0bd22,collarbutton.site,premium,,,58,72,13,,,
2a6ceb42-5c2c-44cb-a4cc-fc3cbf83a8d7,longboat.site,premium,,,58,84,8,,,
914c7899-39d3-473c-bc0c-c367b4813d1b,industrywise.site,premium,,,52,12,12,,,
5bd733a4-c69a-40a4-a3c2-ab9049dfb921,woodswoman.site,premium,,,,72,10,,,
c00ee355-57d8-44a3-90da-84c9e5a79179,grayest.site,premium,,,50,8,7,,,
874479db-da13-466a-b5c7-af7cc872abbf,torino.site,premium,,,58,84,6,,,
81d35ca0-57cb-4679-add0-c4e017315fd5,gynecology.site,premium,,,63,76,10,,,
396633d6-a878-4fbc-820d-06fe3600ffca,interestingly.site,premium,,,52,72,13,,,
24893050-f855-49ba-80df-daf5ce4d415e,shorts.site,premium,312.5,1250,74,22,6,name.com,,
8676e0db-9a8a-474f-9647-cdd533f5eb9e,GreenMountains.site,premium,,,48,72,15,,,
e8e782af-fcfe-4ffb-9b56-f9174f86302e,comingtrue.site,premium,,,48,16,11,,,
45415cf5-1028-4be5-9ca2-58302bd9e65a,EGM.site,premium,,,58,92,3,,,
84fcbb51-84f4-429a-b68b-bf03a0a141c3,wantads.site,premium,,,,28,8,,,
ccc1303d-5337-4c03-9f24-d9131c2e8c41,wheatbread.site,premium,,,,20,11,,,
8bf51a34-d78b-483a-8f0a-c20fbfd6683f,legacystudent.site,premium,,,70,72,14,,,
4cb19c59-19d6-4a77-9376-9db29294aab9,Egyptiancobra.site,premium,,,54,72,14,,,
6f761d0d-a906-4099-99e6-4d923fb62e4d,absolutereturn.site,premium,,,36,12,15,,,
dc0a6dd9-0802-4461-9747-056fb32bb399,harding.site,premium,,,54,84,7,,,
8cc5f632-6d6e-4dce-84ec-b5c5f2287183,rhibhus.site,premium,,,58,76,7,,,
11a9c7be-f1d6-4c72-97a6-b83f8538002f,deskorganizer.site,premium,,,66,2,14,,,
8d7f21b5-d3fa-43cf-be9a-5d47cd8a265d,pistachiogreen.site,premium,,,78,72,15,,,
14483061-2ba1-4eab-9070-d5f4c5a763a4,convergentevolution.site,premium,,,56,8,20,,,
6e13a0e2-4bc7-409b-b641-012708522764,bakeout.site,premium,,,60,12,8,,,
7660e0b3-60e8-490c-b1f2-020e7d1d9192,regulardividend.site,premium,,,56,72,16,,,
6d6ef5e8-0fcf-44b0-af14-4eb2e04038c2,irreversibly.site,premium,,,42,72,12,,,
ad97cad0-a7fa-41e8-9639-340823e93760,cappuccino.site,premium,,,76,11,10,,,
b33ace63-f9b9-4636-9d0a-47b157333a33,motorcyclesport.site,premium,,,64,76,16,,,
d0cf7804-c956-45f3-911d-4ea4a74fbdda,begonia.site,premium,,,62,80,7,,,
d4491211-079a-4ce2-b8da-e2c362794646,brigid.site,premium,,,62,76,6,,,
3d9be283-35e1-4055-85af-3b2338726c67,spoiltforchoice.site,premium,,,56,72,17,,,
75306b49-09af-400f-9544-c2d27e811d3b,serosensitive.site,premium,,,,4,13,,,
b638d4fe-c4a6-4abf-a209-17c60720f132,goodmorrow.site,premium,,,84,76,11,,,
ca7c51aa-b489-48be-9de7-ca21fc618dee,LittleDipper.site,premium,,,54,80,13,,,
4f0eb514-2611-4756-85f8-dd45249a1aed,officekeeper.site,premium,,,,1,13,,,
605020c0-b571-4afc-b503-7cecdad32217,Frisco.site,premium,,,60,80,6,,,
56f50d20-1e97-478d-a54b-1f0872771640,fencing.site,premium,,,63,80,7,,,
f9e487fa-6a94-44d8-8e27-1852542a20a5,HolyKoran.site,premium,,,52,72,10,,,
e1033d46-02e7-4c74-a10a-a4890ba06afa,coplanar.site,premium,,,52,80,8,,,
bdf729a1-815a-4374-9a07-96ffecff5241,dock.site,premium,,,70,23,4,,,
31f835ba-49ab-430d-9472-82bd9af24791,Lotusprinciple.site,premium,,,52,4,15,,,
805a123b-b541-4ffd-87f7-3a779bccfb75,competitively.site,premium,,,50,72,13,,,
467dcd88-d25b-4228-b870-dc380e4b79af,oldman.site,premium,,,58,11,7,,,
b3229925-c652-43d3-a82c-418b34339a84,singleissue.site,premium,,,48,72,12,,,
e39dd281-3caa-4c0a-b2ad-f33b252f3358,shall.site,premium,,,,16,5,,,
a6c8a2a2-8f13-4824-b7bc-4a5280d14b50,MiamiCounty.site,premium,,,46,16,12,,,
6d3613de-6bbe-4d5b-8864-fed979e5e073,itpaystoadvertise.site,premium,,,46,72,20,,,
3a3dce34-5715-471c-bf82-b1af858fc164,cleartheair.site,premium,,,74,10,13,,,
00560c05-8980-43dd-94c9-f25374ab73e4,areolar.site,premium,,,50,1,7,,,
dda222d2-10ce-42e8-9c60-b1279bb6b12d,purported.site,premium,,,,12,9,,,
bb7c21a7-8dbc-48c8-9dc2-0117b95ed921,revocable.site,premium,,,59,72,9,,,
8af62f39-dec1-43f0-8019-4e3e44fae943,sophocles.site,premium,,,48,76,9,,,
5752c648-0607-4777-978f-95742479cc00,primandproper.site,premium,,,66,84,15,,,
451986c5-79a3-4ff2-8133-a81ff71e1fa3,interestrate.site,premium,,,62,76,13,,,
e141982e-067e-43d8-8aa9-80c2586af8fd,flotation.site,available,2.99,46.99,54,72,9,name.com,,
bb198d79-4a47-4634-925c-5d5eb3f902df,golfgame.site,premium,,,76,3,9,,,
74640ae5-4f67-4383-81fb-6a7c7e0cd00d,wraith.site,premium,,,60,92,6,,,
f21025b8-51f0-4782-b4af-562e1ed2ba4c,vindicated.site,premium,,,68,3,10,,,
21c13976-2e56-480e-97aa-89d839c6c0d4,tail.site,premium,,,80,21,4,,,
fac594de-10fa-4b53-800c-b340e58d6256,Gramarye.site,premium,,,44,72,8,,,
6ee91168-fbcb-469b-a588-ac5dfbae794e,gavebirth.site,premium,,,48,4,10,,,
d22e1ac9-f7b5-4c74-9d27-973b59978f7f,Dalit.site,premium,,,58,84,5,,,
dfc156ff-d8f6-481c-8dbd-4ad4bc84b290,musicafalsa.site,premium,,,50,8,12,,,
2e64a09e-4b47-490d-9046-354128cfcd4c,sniffout.site,premium,,,62,76,9,,,
3516164c-e760-437d-bbbd-52de92a19fd8,airphoto.site,premium,,,70,4,9,,,
c0c58753-1fc5-4f38-8774-23730138da2a,marshal.site,premium,,,82,88,7,,,
40c7b2a5-836a-4228-84ae-cab0cb1f921f,crabapple.site,premium,,,60,84,10,,,
4b0ee4aa-7591-4a35-9c6a-cfaa733f03be,yesterminute.site,premium,,,,72,13,,,
17f71c5c-e2d4-40c4-b622-398b094ef9d9,mushypeas.site,premium,,,60,72,10,,,
3f4426d4-4549-4244-ba7a-57d14e8655f3,basepair.site,premium,,,72,88,9,,,
6c538561-2725-4d3a-9624-9d7a39ca0737,hilly.site,premium,,,62,84,5,,,
f4113b17-e69d-4795-bd69-7392ac263bb5,lao.site,premium,,,72,84,3,,,
5a0d2491-0ca6-43b4-84d3-b898788055ab,hansard.site,premium,,,68,76,7,,,
374556d8-664a-4c8f-a621-c0b60094d425,Britneys.site,premium,,,40,12,8,,,
ce395dd3-d187-4609-aa1f-e5c0b8fca085,memorysafety.site,premium,,,56,76,13,,,
24ee316b-b3e6-4def-a60b-9b91cf79ad47,fortieth.site,premium,,,68,1,8,,,
5c40ff7c-8e8b-47f3-877a-7b7aade6a464,charitablepurpose.site,premium,,,42,12,18,,,
ffb13ae0-6cf8-46af-a859-9bffa0170cc8,dealie.site,premium,,,56,76,6,,,
c164b17e-59da-49a5-ac0b-4ffa498aded9,cliffrose.site,premium,,,52,76,10,,,
439ce2b8-0634-4337-9eb4-6e0af783a3de,jetmachine.site,premium,,,56,72,11,,,
0d37c53c-a55c-4061-ba99-bb27c6976d97,greatcerebralvein.site,premium,,,52,72,19,,,
451625f9-56a0-412e-9484-0cad144bbef4,powertool.site,premium,,,60,80,10,,,
d039dfd3-9186-43e9-ae1f-26125245702b,centrefold.site,premium,,,58,72,10,,,
520adeb8-0de7-4361-b7fc-ad72622d52fe,toiletpaper.site,available,2.99,46.99,88,5,12,name.com,,
a6e73a1f-d895-4cab-919b-74d73981aa9e,Kisly.site,premium,,,52,72,5,,,
db4f556b-b14c-4997-81eb-18e8f0ca5196,gohardon.site,premium,,,46,72,10,,,
8359d87c-10f7-45da-ba26-e4a87ca9393f,lifesaving.site,premium,,,54,80,10,,,
a002887c-651a-4a04-99d9-434a3cde0b77,unfeigned.site,premium,,,52,72,9,,,
3dfb39fe-bfb4-46d1-a831-a0c6342b8a80,scallion.site,premium,,,50,80,8,,,
bf94cb05-400f-4111-b19f-20c8968b5245,Godgiven.site,premium,,,66,5,9,,,
0f7ad61e-4fc9-4e1e-8c40-906ec1ef917f,geneticengineer.site,premium,,,62,72,16,,,
2bb7d37c-e951-4bb2-a49e-62f86b709b09,blastfurnace.site,premium,,,56,76,13,,,
6ee3dda3-87a2-41bc-a1d1-a0532fad975d,rightcosets.site,premium,,,,4,12,,,
6edbf159-88a8-4729-813f-1783863bfa4e,outerspacey.site,premium,,,56,72,12,,,
359df1b7-a02d-4fc9-85d1-cea9f0c3eed7,parrotfish.site,premium,,,66,80,10,,,
cf84b72f-20e8-489e-bb5c-ce2b566ff5af,pinestraw.site,premium,,,,28,10,,,
397f3f27-91b7-46a4-9606-431cac133e5f,respiratory.site,resell,,,,24,11,Atak Domain Bilgi Teknolojileri A.Ş.,22/09/2025 18:01,22/09/2026 23:59
4acbf53b-5d78-4b2c-9c8b-d8b2867b8977,tenniswear.site,premium,,,,72,11,,,
4fc3564b-60f8-44ac-97e1-bb0cc657d475,DMV.site,premium,,,70,92,3,,,
f74e9f06-50ab-4eb9-9ed2-175acecec077,groupings.site,premium,,,36,16,9,,,
aca3999d-c89b-4c19-8e59-71474021d2c7,lacrosse.site,premium,,,62,88,9,,,
bad97776-2724-49cd-9b17-0f0b31d89b46,boxmetal.site,premium,,,38,72,9,,,
10dbd4e6-9f74-4512-9c44-3fee7c6cf6dd,sportinglady.site,premium,,,58,72,13,,,
11322512-b3a6-4a1e-8fc5-a0e7a919ac2c,solemnly.site,premium,,,48,72,8,,,
8b5e4b2d-b658-4c89-84e2-fce7ca367fd6,TeflonDon.site,premium,,,,24,10,,,
0f120dfb-014a-45d4-b513-5c6dd61e9bb2,desorption.site,premium,,,52,72,10,,,
17c23504-6d40-41ff-960a-f649e3e96ff5,houseaccount.site,premium,,,40,72,13,,,
d2165028-a7e1-4bc0-a8dd-9974a8df3f33,arizona.site,premium,,,58,80,7,,,
5ebe85cc-14b7-4664-9944-d2b52751e466,hashsign.site,premium,,,58,76,9,,,
11b364bb-2b91-4c44-96c2-994f6ee922fd,souvenier.site,premium,,,58,72,9,,,
927771b1-6577-43ab-96c2-c2c26fb25c2e,enrollments.site,premium,,,42,28,11,,,
61695a57-5067-4a5f-b9ca-a8ddc2014a8f,repeatedly.site,premium,,,44,80,10,,,
2e5f7290-86c8-4efb-8bd7-efa188499cba,beachbag.site,premium,,,62,72,9,,,
2f8f29c5-b6f4-4d51-baa6-29e5a0d62860,stayingpower.site,premium,,,,72,13,,,
df5e53e6-7831-46ec-b858-aa2ef2cd14ce,flavorofthemonth.site,premium,,,60,72,19,,,
6effc363-724c-4dec-9015-f33d8d729c44,toothenamel.site,premium,,,,2,12,,,
5167a390-50ba-43c7-a0b5-7dbd0fee5937,sleepmode.site,premium,,,,80,10,,,
0710dd94-d2f5-4eb2-a95e-993021696347,SeniorCounsel.site,premium,,,,16,14,,,
a87377f7-19bd-4e89-81f2-8226e9fe435c,unveiling.site,premium,,,62,76,9,,,
aa981820-efbb-4007-ae0e-f2bf7b4b334b,distinguishable.site,premium,,,58,72,15,,,
0291104a-2867-4417-923e-a48a8307bb6d,corset.site,premium,,,86,84,6,,,
01674b2b-ef86-4051-8a44-1993a6ad3f21,cousteau.site,premium,,,70,80,8,,,
861b383e-a2bf-4a16-9fb4-be0406826d15,referee.site,premium,,,88,92,7,,,
7d9b5f95-da57-4858-a401-7e826855f437,blatantly.site,premium,,,51,72,9,,,
ae96e559-a740-4ea3-9cf9-c9d1f9b39b47,spaciousness.site,premium,,,,28,12,,,
79235d26-7aac-4fd8-b430-8ea230e44f1c,auditions.site,premium,,,44,40,9,,,
223f6d93-5eb7-4b77-8e3c-d33504a7aec2,notepaper.site,premium,,,,72,9,,,
36108946-2ed8-43ce-90df-baf36ea28551,Beijingese.site,premium,,,54,12,10,,,
9721c4c3-f2bd-43ff-b765-d8f94ea2910e,diversification.site,premium,,,66,32,15,,,
4919986c-e257-4a46-87e6-cee959fcd3b5,manbitesdog.site,premium,,,34,76,13,,,
9ca4e72a-1328-4649-80c3-7ac85beaf91e,swerve.site,premium,,,92,11,6,,,
73f3b390-bb46-4d4c-ae6d-5ccd4ab4ebee,uncompress.site,premium,,,67,72,10,,,
762b93d4-67dc-4044-a5db-0b70ba12fb05,valenceband.site,premium,,,54,72,12,,,
a6a8d0d7-0c4a-4ba7-ab9b-659d5466a759,Nuevo.site,premium,,,50,84,5,,,
6c30d04e-72bd-4d47-9fed-79d0835c26a2,northernhemisphere.site,premium,,,62,72,19,,,
af05fac4-335c-4b30-9e40-fb976f1457b9,activetransport.site,premium,,,54,76,16,,,
66d5ac57-8ffc-4055-b0ee-b14315454d3d,solicitation.site,premium,,,,72,12,,,
4816c07b-b88f-415a-9a68-8bf9a4ae5c37,fleamarketer.site,premium,,,54,8,13,,,
e656fd43-5cee-43b9-9aed-eaefe8b39f0c,passthebaton.site,premium,,,,80,14,,,
f9fa0815-b054-46ed-888e-7bb476001f44,accoying.site,premium,,,34,4,8,,,
9f7de799-9b35-498c-b068-905c8f228f95,sweetbirch.site,premium,,,56,72,11,,,
1090f0c5-b0df-4f3d-b66e-8a09a96366b6,profitmotive.site,premium,,,56,72,13,,,
ef474020-31a4-4f41-b7fc-3d468d53897b,littler.site,premium,,,50,80,7,,,
e2edfa07-ef28-406c-a915-82c410b687c7,hardcharging.site,premium,,,56,72,13,,,
1b872485-47df-4600-8fc6-04deb022dd17,telecom.site,premium,1562.5,6250,78,23,7,name.com,,
270882ea-2819-4d0f-9f8c-486b7a4b82a6,aaron.site,premium,312.5,1250,88,35,5,name.com,,
b89e21f5-7f93-4a54-89a0-a2e200e7e8cf,breadbasket.site,premium,,,62,72,11,,,
46933470-d46f-454b-8342-d84acb43710e,KingoftheRomans.site,premium,,,46,72,18,,,
e2072dc2-7fd7-4755-80a3-5e1ac90d506d,makeamockeryof.site,premium,,,64,72,17,,,
6da96fb0-3ef0-42a2-bf3f-bfa669c533b2,accommodationhouse.site,premium,,,58,72,19,,,
550834d1-b292-400e-a71a-13cee6fc72eb,alloverpainting.site,premium,,,54,72,17,,,
71d6cb46-70e5-484b-9eeb-6e9400611823,calmandcollected.site,premium,,,62,84,18,,,
d3a3f87f-32ee-474f-8cc1-da0999fec553,jones.site,premium,,,88,96,5,,,
07c8e970-340c-4556-b5b5-10714b70d509,keepback.site,premium,,,67,2,9,,,
b1b06559-485c-4ef4-b9da-f225141ab0e7,genfic.site,premium,,,54,8,6,,,
922ab8dc-79ed-4c11-8142-fb31358c20f8,Wetaskiwin.site,premium,,,50,76,10,,,
5671850f-417f-4dd3-bd9e-3583fc773ea0,communications.site,premium,781.25,3125,54,84,14,name.com,,
b0ef0471-5a0c-41de-9d57-dfd5c5917925,organismic.site,premium,,,54,72,10,,,
b43dbadb-493b-47f3-8863-35f5d78cc6b0,linden.site,premium,,,48,84,6,,,
77876a3f-4d77-4be2-b0f6-c0c39247565c,acned.site,premium,,,43,1,5,,,
38082e0b-1bbb-43f5-9cba-1e0922fc3660,microwavemeal.site,premium,,,66,72,14,,,
d1c3a182-f746-4880-aa07-645f72b2ee71,secretballot.site,premium,,,56,80,13,,,
8989371a-66dc-4d09-bb7d-b9ba08868a9f,finders.site,premium,,,50,28,7,,,
b755850e-b2da-4d90-8d68-f97d9ef074ce,wishboneflower.site,premium,,,60,72,15,,,
26e84dd7-8668-4604-bb35-eec7a1460708,prosciutto.site,premium,,,62,72,10,,,
dfb16dcb-9c6c-47d7-b627-9f1ecc1d4fde,zipcuffs.site,premium,,,,8,9,,,
3a29dbc3-e7a2-4e06-b321-4cb30af2e7ba,haulup.site,premium,,,62,72,7,,,
3dba92ed-6332-4ab6-9800-32127f5d6491,unresisting.site,premium,,,,8,11,,,
948df13f-b3e7-43c0-be39-a0f874ff6917,assay.site,premium,,,82,84,5,,,
24cd81f0-aa55-4eed-a6eb-3ee05a6fc6a6,sensoryorgans.site,premium,,,,4,14,,,
5ccf44a7-6f8d-43b6-aa2f-0b0371d62638,garagerock.site,premium,,,60,12,11,,,
7fe26cde-ff95-4ddb-bfc8-37e60202ebe3,bymachine.site,premium,,,52,72,10,,,
a3213466-d61f-4f29-9d7d-f86daaf15394,intrigue.site,premium,,,94,11,8,,,
c4bb8c2f-4aa9-4609-bc1a-ec5df677fc7f,taillights.site,premium,,,,28,10,,,
ba987479-db90-4ff2-a9b7-7c7547249f82,makemileageoutof.site,premium,,,64,72,19,,,
8a0ec4f6-ed28-442c-86b0-9d4cd1331943,channelsurf.site,premium,,,54,24,12,,,
81fbb423-6ff0-4906-a03b-23c9063c4bf2,richness.site,premium,,,64,72,8,,,
501eb636-10b9-4602-bce3-3f157e427568,gasfitter.site,premium,,,58,72,10,,,
a91577cd-a454-4abf-93aa-ed808dc67b2d,fingerstick.site,premium,,,40,76,12,,,
155d5caf-65c6-4cd9-9cd4-879cde3892b5,schweitzer.site,premium,,,50,88,10,,,
2cde96bf-b292-4ae5-a168-5d566c6f87c2,mystery.site,premium,,,68,84,7,,,
0c4bc414-98f3-433b-aa56-6c075ff038d1,dustbuster.site,premium,,,68,92,10,,,
009e09e5-f7cd-4521-af18-52c31832d7cf,reluctantly.site,premium,,,52,72,11,,,
87662b8a-39ae-4a5b-8df2-af9f8efc2b7f,singling.site,premium,,,58,84,8,,,
d96502af-a295-45d4-8845-19da4020de51,greediness.site,premium,,,56,68,10,,,
2a6f222b-895e-4010-bc90-e1ab443e4e8d,herod.site,premium,,,54,88,5,,,
13ec597a-b20a-40d3-aa74-c2218f3b6516,keepinwith.site,premium,,,60,72,12,,,
947acd5c-c7f0-43ea-b64f-80c59c7a1874,gohardorgohome.site,premium,,,68,72,18,,,
1a43f343-6c7f-4ab9-ad8a-dd373d1ecf8b,Yours.site,premium,,,68,18,5,,,
abe85ef0-17b5-4595-96b5-da131af2b472,FreeFrance.site,premium,,,56,72,11,,,
487d7e3f-1c4e-4fd8-97a9-8546a710307a,chocolatecake.site,premium,,,,7,14,,,
916fe16f-4043-49cd-bbb8-99a6be8a438e,PontAudemerSpaniel.site,premium,,,62,72,20,,,
07c4c548-8ac7-4a42-b58a-7d8f0241aab6,couchsurf.site,premium,,,58,80,10,,,
8ea8714c-e0eb-47ae-8c3c-a83a033db6fe,seventynine.site,premium,,,,80,12,,,
1dabc331-4774-432c-a766-1b867dffa6c7,modicon.site,premium,,,64,84,7,,,
3d022441-a53e-4617-a7f4-db15de18c504,fortyfive.site,premium,,,54,5,10,,,
b714e03a-addb-4f61-aa10-6ae0e5e66b30,sipped.site,premium,,,,12,6,,,
4af5b744-2499-467a-aa3e-378494a753f5,curettage.site,premium,,,52,72,9,,,
375c94ee-86f6-43d5-a7ce-6ab32a2eed6f,hangtough.site,premium,,,70,72,10,,,
fa738475-d3c8-4e8a-ae13-504ee6d61a99,boxoff.site,premium,,,58,76,7,,,
cf5849f6-3208-42a7-be3b-2b913fc725c7,amidst.site,premium,,,50,84,6,,,
643247d6-79dc-49a9-883e-f1fe1a6b4231,succulence.site,premium,,,60,72,10,,,
c50b6a67-3c52-481b-b7d5-9a2de07ea8d5,trucks.site,premium,,,,19,6,,,
8f1bf90a-0022-4a1d-b3bb-b372772266f8,ironworded.site,premium,,,36,72,11,,,
36566a1d-9724-45e3-8757-ee8a1aa09e85,harlequin.site,premium,,,94,76,9,,,
ca6c8a73-8df8-4a39-aedf-ffd308f52f33,caughtonthehop.site,premium,,,58,72,17,,,
31a36dba-c19d-474e-a7e5-2c8574332f1b,leonard.site,premium,,,60,84,7,,,
d5dda991-a632-4a9f-9ca0-a1510ced1f45,mincepie.site,premium,,,76,2,9,,,
324a0107-cabe-4bc2-9e3a-27840cdebb17,nativespecies.site,premium,,,,72,14,,,
1d69c5a9-46d4-4d74-bcc8-7a91f686fa94,adolescent.site,available,2.99,46.99,86,6,10,name.com,,
c4b8bcc2-73db-46d0-a228-b621262ef24e,ruboffon.site,premium,,,,72,10,,,
9411ff18-1f44-4497-b3cb-044567232c2c,manson.site,premium,,,56,92,6,,,
cec49f13-cdc8-49ec-a28f-a685b955002c,threevee.site,premium,,,,76,9,,,
f6c936de-3953-4e0f-ad90-cc6f9f878b04,widgeon.site,premium,,,56,80,7,,,
8a51a028-9152-49b7-8c2f-07e3d9e5b7fd,berried.site,premium,,,52,1,7,,,
5d879d45-2ed5-41b1-bf3e-4f0e98444442,intuitive.site,resell,,,74,84,9,GoDaddy Online Services Cayman Islands Ltd.,25/08/2015 01:37,25/08/2025 23:59
3304c935-a910-4010-a84b-68571f9003eb,headsofgovernment.site,premium,,,38,4,19,,,
fde4eace-b616-4f41-be31-5cf0752b6b2e,seize.site,resell,,,69,10,5,Atak Domain Bilgi Teknolojileri A.Ş.,22/09/2025 05:51,22/09/2026 23:59
037296f4-94a6-4296-863f-f92e0a41a521,hostresponse.site,premium,,,60,72,13,,,
97e8476a-a1f6-495f-ba04-ebb62ff14572,showboat.site,premium,,,78,72,8,,,
b46ab2d1-49da-47a6-a3eb-b6ebe4983dba,lowback.site,premium,,,62,2,8,,,
6f212d59-dbda-4d71-acf7-c47ff0da38c4,penaltyspot.site,premium,,,66,72,12,,,
52db5755-bb65-446a-9768-f952697e59a4,mastigophoric.site,premium,,,54,4,13,,,
fcd26876-5bdf-4696-8233-3490ba05d7e9,feelout.site,premium,,,,72,8,,,
b90acb88-e41e-4816-b7c2-4015b579b40c,drumsticks.site,premium,,,38,20,10,,,
e1775382-3069-4587-856f-ac91095ee3e1,isotropous.site,premium,,,52,72,10,,,
6c4a1358-e67a-42fc-ba32-b4d114c62de4,indespiteof.site,premium,,,45,1,13,,,
726129f7-cab8-40da-83c2-f5654c0214fe,daddancer.site,premium,,,58,72,10,,,
00ae901d-fc09-4b5e-ba54-86f5e6019f4c,embodiments.site,premium,,,36,24,11,,,
83a3dc18-6cf1-43d8-9a2f-5759edcc749b,Widgery.site,premium,,,54,72,7,,,
f0643b03-5159-4de4-bde5-d3937ba664f3,niceone.site,premium,,,72,76,8,,,
5a0c1ce4-cb05-47cd-a158-aea34a92956b,studytour.site,premium,,,66,80,10,,,
c88257d5-f35b-48a8-9931-f8a73c4df635,manifestly.site,premium,,,53,76,10,,,
8f43bdef-f466-4654-aec1-5ce933500269,allbut.site,premium,,,60,72,7,,,
e968ff05-5af4-4d25-b2c3-968ad82092ce,ionpump.site,premium,,,56,72,8,,,
df2fa505-b653-4ec9-b6ad-9233cda3eb1b,Highlandcattle.site,premium,,,52,72,15,,,
95a8ea93-94bf-4b8d-a89a-3da58eabde42,keepSaintMonday.site,premium,,,34,4,17,,,
11f2c7e4-811b-4295-9bac-80b4a2e162dc,carbonometers.site,premium,,,32,4,13,,,
380efc52-4f49-4ac3-8aa8-f0e44546d808,GoodFriday.site,premium,,,68,4,11,,,
5498bd11-bfd7-499a-b6f6-5e3937026b03,deepfrying.site,premium,,,70,4,11,,,
ffaa7137-0e6e-4d3c-89cd-3da7b031d650,backtobacktoback.site,premium,,,48,72,20,,,
9ebc4b2a-8e89-468c-845c-209ac22e30a4,AmericanEnglish.site,premium,,,76,4,16,,,
a556dcdf-8565-4795-9375-b73b82178ddd,sportsfield.site,premium,,,58,80,11,,,
72bfdf12-0f11-4f51-8813-7bd7508d5d87,workinggroup.site,premium,,,56,76,13,,,
0a5be58d-64d3-4d46-b8c3-f3a8ac520461,jive.site,premium,,,82,92,4,,,
708efb1a-eb94-4518-bd34-dc7a2f44cc22,princessseam.site,premium,,,,68,13,,,
2f149a28-be16-415d-b696-5d27d7c441ad,waywardly.site,premium,,,44,72,9,,,
2c5b76da-81a4-4c42-92d0-1bb2ff236ea3,solidstate.site,premium,,,,84,11,,,
db0ad044-99ef-47bf-a30c-dd89d97b2f34,softassilk.site,premium,,,,12,12,,,
cfd18d01-d736-4a82-b7ac-fc646274270e,realtyagent.site,premium,,,,28,12,,,
8867fa64-3584-462c-9699-ef86d999c192,aunts.site,premium,,,54,2,5,,,
69f47f2c-57d9-4baa-9e4a-fbf39131b661,sydney.site,premium,,,58,80,6,,,
aad7d58b-723f-4c71-9691-e60b7832774f,defrost.site,premium,,,91,80,7,,,
48e5adef-087f-4a4a-a255-e82fd7bb1834,face.site,premium,,,108,34,4,,,
066ac26b-38ef-4205-bf13-252894574091,talkingmovie.site,premium,,,64,72,13,,,
87169873-9bd9-441f-8757-934e8a309709,knightofthepestle.site,premium,,,54,72,20,,,
ee065564-b158-4395-8110-43d123f6a75a,marketopening.site,premium,,,66,72,14,,,
af2cfab0-d733-4ba9-b2fd-abd7d4188e1f,hydrocarbon.site,premium,,,52,84,11,,,
2477668e-fef6-4313-aa1b-f245eba057f7,Whyteleafe.site,premium,,,50,72,10,,,
b9cc65ff-b191-4f7f-9188-d9828b578c45,dredscott.site,premium,,,54,72,10,,,
d3bfe988-e4f2-4ad1-964e-36654d63b5e2,plantations.site,premium,,,,16,11,,,
82b1843b-c997-465b-99a4-b1452a1ae7eb,phagocytize.site,premium,,,58,72,11,,,
a17f2c3d-235e-4240-996f-4e3d23c0f53a,bearahand.site,premium,,,52,72,11,,,
e467beff-0567-4767-a950-1cd0a21d9f80,coat.site,premium,,,100,11,4,,,
24d85097-7373-4abd-971e-9396cb591c9b,floodlamp.site,premium,,,60,72,10,,,
36452fe6-d9f8-4f1a-afd2-b9e5250bcb28,electronmicroscope.site,premium,,,58,72,19,,,
567a2569-3e7c-45ee-a78d-955dbaaa7b3b,shortpull.site,premium,,,58,72,10,,,
64d44dc8-c8a3-4454-b306-1b62482d4953,industriousness.site,premium,,,56,8,15,,,
b2fb3d97-4471-4b8a-bc63-1020a0c87b76,contraception.site,premium,,,64,40,13,,,
bd1f0416-ea4b-4ccd-b562-89aefb6215f8,elapsed.site,premium,,,56,76,7,,,
be09a530-6943-45eb-840f-d6085a5d8a9c,multianimal.site,premium,,,,72,11,,,
835784b7-0082-46c8-9950-1bfb1491431a,uphillbattle.site,premium,,,52,76,13,,,
2cabef91-2c42-46e8-9ecf-73aff94a89e8,monocarp.site,premium,,,58,72,8,,,
27c61f0d-b1fb-4a01-949f-02bd2b37b49f,demilitarizedzone.site,premium,,,62,72,18,,,
6682805d-2676-45d1-8f51-e47c3ff6da4e,tradehands.site,premium,,,,72,11,,,
fa90d10b-3036-4210-b380-fc8c7d2c4aa0,waterbuck.site,premium,,,54,72,9,,,
206dfa99-62fc-4d6d-aa86-09776dae059f,motorcruiser.site,premium,,,56,72,13,,,
521d4e05-56ed-4ebb-9bd1-d91d5da566bc,tunes.site,premium,,,,44,5,,,
f16b7375-f8b9-4d99-9f38-9d170fcfd74f,generalpopulation.site,premium,,,68,2,18,,,
6cb6617f-446e-4d7d-86de-c3b5baba241c,situpwith.site,premium,,,,72,11,,,
6bcae829-8db7-42af-923c-9f192ac207e6,tornadoshelter.site,premium,,,62,1,15,,,
494bdd4c-bc9d-4e92-aa94-60e7da9faea4,alcohols.site,premium,,,46,16,8,,,
17612e27-0018-4aff-933e-03cca4217521,malachias.site,premium,,,58,72,9,,,
6f55ae85-78f7-467a-9f26-480adeaeb5fa,awheel.site,premium,,,50,2,6,,,
611a10fe-32a8-4ec9-a7dd-47b2a4657be7,multilingual.site,premium,,,78,80,12,,,
02be3ef6-a42c-45af-8c29-8ad0ada6ef04,AlohaState.site,premium,,,64,76,11,,,
ff9fa857-ca74-4505-93b0-3d53ef71e084,conceding.site,premium,,,56,72,9,,,
15a371d0-bf94-4b0d-8303-fe25a62f893c,bodysoap.site,premium,,,60,72,9,,,
913df76e-61a6-4bb7-b973-1887cb3df743,inthreedays.site,premium,,,48,1,13,,,
b1e20758-cf95-42a7-ac6c-3b0ae3b9dfe5,lorryload.site,premium,,,56,76,9,,,
c2e91d55-57a9-49c4-80bf-10623e982676,seltzerwater.site,premium,,,,8,13,,,
16cb9ce0-8684-4257-a54e-1c4daf118207,plateful.site,premium,,,64,84,8,,,
c44f61c5-fbdf-488f-919c-e1fe8b0d370b,putthrough.site,premium,,,76,72,11,,,
deb2e50b-0952-44d1-9ab6-32207443f95b,NewEarswick.site,premium,,,,72,12,,,
cb95327c-e430-4f45-ab3d-713641980df2,lovephiltre.site,premium,,,58,72,12,,,
e0ac19e5-4ac2-4ac0-a7d3-c3281c4bb0f9,swappiness.site,premium,,,,72,10,,,
b222ecf3-ccfe-4ef7-ae27-aebd659d4691,inbulk.site,premium,,,,72,7,,,
82b51b25-1465-40a9-9c3f-0e3e80136b55,counterargumentation.site,premium,,,56,4,20,,,
c1e4ece1-f432-4097-b6d4-d06bdd2a9c44,commutertown.site,premium,,,60,72,13,,,
9ec9a249-e160-4171-8c49-7df804c2470a,operagoer.site,premium,,,58,72,9,,,
b3623b8a-765b-4bf4-b0aa-d7bbb35f6d90,condenser.site,premium,,,64,76,9,,,
74275980-7c0a-4c94-9df8-5547734947ab,duty.site,premium,,,62,13,4,,,
5695059f-0a81-4c7b-b9cd-18d9f0cfa680,WestFalkland.site,premium,,,,72,13,,,
bb775117-c210-4e23-8551-8696e84f7b0a,cabanashirt.site,premium,,,66,72,12,,,
a5a9e708-45ed-4303-9b0d-069c93641468,creatively.site,resell,,,66,7,10,"Spaceship, Inc.",09/11/2025 09:27,09/11/2026 23:59
cb9aa057-a40f-420c-8980-38e373f25029,aquiline.site,premium,,,46,3,8,,,
538c8cbf-54d0-4975-9a88-81779ff25648,expansionturbine.site,premium,,,64,72,17,,,
0bc2df60-2a46-4b85-9b38-1c189c19c117,shamanism.site,premium,,,56,80,9,,,
6f804bd3-be54-435c-8195-d138eb432e8b,Gosewehr.site,premium,,,44,72,8,,,
01088fec-464c-459f-90b0-36d5057677bc,whiteonwhite.site,premium,,,,72,14,,,
1b3e069c-7e27-46b0-9287-412faa3eb0d3,panties.site,premium,,,,32,7,,,
1a0ba2e2-32f1-427d-bee3-8cdcf082585e,Kemper.site,premium,,,62,84,6,,,
61d5e138-01d7-440c-b36c-ddef961fbaa8,hardcounter.site,premium,,,58,72,12,,,
62bd0fa9-9d3a-4d4e-b462-757e3cd03193,leaf.site,premium,,,92,33,4,,,
ce0cb1d1-961f-48ae-aa43-b3fc1e7425b2,sitloose.site,premium,,,,2,9,,,
b805320e-73d9-4da4-aba3-fe7ed37d6786,manlike.site,premium,,,60,76,7,,,
76a10e16-f038-40d2-8242-6dae6a439f2d,ennead.site,premium,,,68,5,6,,,
85e956eb-cbd9-4ddd-ad8e-bb8e0de18462,temperamental.site,premium,,,54,72,13,,,
f137ec2f-bc75-4ab8-838e-eaca6c2656e2,papoose.site,premium,,,58,76,7,,,
5ec4474a-487e-4c3c-8bc5-aa2bf0b652c7,concentrator.site,premium,,,52,72,12,,,
342dd37d-2713-437a-9835-36a29885a598,auditoriums.site,premium,,,44,12,11,,,
acb51742-eaf0-4bcd-828c-c35a96733ab4,FortOrange.site,premium,,,40,8,11,,,
de6a956c-dd6d-42d0-aaf8-d7ea483ae846,bathing.site,premium,,,72,80,7,,,
b2e4c6d6-11a9-4ad5-8ec1-02b4f1e6f682,dependon.site,premium,,,71,3,9,,,
a031b84b-5a45-4291-a447-aa05f20940bb,resiliently.site,premium,,,54,76,11,,,
a7ac1b62-1747-4131-94a0-149227a8c95c,sandolive.site,premium,,,58,76,10,,,
55624cfb-b006-48f0-a308-b9a518230d91,intubate.site,premium,,,58,76,8,,,
d1e9cdb2-76ba-404e-bf81-7883be89bbcf,LowerBavaria.site,premium,,,48,72,13,,,
c2c5c842-221f-4b11-936e-abac731b523f,warmachine.site,premium,,,58,5,11,,,
471a8c7c-f5ce-4939-a465-6a332bcc8999,worlds.site,premium,,,,17,6,,,
2081773d-c9d5-4122-9952-651ae446b2bd,passcode.site,resell,,,74,5,8,Atak Domain Bilgi Teknolojileri A.Ş.,22/09/2025 18:54,22/09/2026 23:59
9407b50b-653c-41de-baf1-b6608f29ee29,excelling.site,premium,,,50,12,9,,,
65e06022-19a9-4e5a-8b88-8d75033583fa,semitropic.site,premium,,,52,72,10,,,
c5af48bd-fb02-4df8-8657-5bf24651b122,bluefire.site,premium,,,60,88,9,,,
1e4e2c78-25cd-40b5-92d0-cfb0a4109705,optionbutton.site,premium,,,56,72,13,,,
68c61a12-70b6-45cf-b8d7-c9e574b7a676,dessertfork.site,premium,,,58,72,12,,,
5a60cc6c-f89d-4aa4-afc3-edc10b22197b,whisker.site,premium,,,57,88,7,,,
cbe69f45-d4cf-4ed4-ade6-5974ec30baa6,nanoscale.site,premium,,,66,76,9,,,
5c1b4045-397f-485d-8474-f127e0bfdd9d,Europeanwildcat.site,premium,,,56,72,16,,,
7bd380b0-a2fc-4e96-ab37-89d098ae2559,MostHigh.site,premium,,,,76,9,,,
4862f8a4-b3c8-4667-9918-174414eb3dd8,DistrictofYarmouth.site,premium,,,46,4,20,,,
8831de6a-97ea-4cca-b632-6b1e5b512dca,indicatorcard.site,premium,,,38,72,14,,,
8bca63ba-a4ef-41af-9d06-c226861062c4,Frenchpie.site,premium,,,58,1,10,,,
0d65a79c-6703-4d5f-9d13-eb54a500a506,records.site,premium,,,,18,7,,,
2ea11a49-49f3-46dc-8388-5ee413149f8d,locales.site,premium,,,40,32,7,,,
47054c82-d241-444f-a103-5428aa43b0c0,sleekness.site,premium,,,58,72,9,,,
b29dab34-a048-4a00-b766-8c674b753092,penises.site,premium,,,,16,7,,,
4d0ff15b-5d45-4e4c-9f4f-acec90dea654,deepfryer.site,premium,,,58,72,10,,,
5ca6deb0-8bb7-469a-930e-4fc40c50b959,carhop.site,premium,,,80,84,6,,,
92148243-fa19-4c18-b67e-856d177a108e,SouthernBaptist.site,premium,,,58,72,16,,,
0a5d3b09-7ec2-4d17-930f-e109f3ac7b99,shoeboy.site,premium,,,,8,8,,,
5af727c0-8167-4913-bc48-d809cc2963f5,hampered.site,premium,,,50,72,8,,,
2acad5c6-7af0-4cdf-acf7-e225ca98f2bf,crunchily.site,premium,,,54,72,9,,,
9763ad3e-3e27-4c8a-b9bb-e6211af23870,bigheartedly.site,premium,,,56,72,12,,,
4f2e30ec-faf3-44f5-9edc-e188e1bffb94,ChineseBritish.site,premium,,,44,72,15,,,
342f17fe-c9dd-4cfa-90ee-40606aa402c6,winey.site,premium,,,62,72,5,,,
9a7c88bb-56a7-48c9-b1af-20d2886e4d36,brushaside.site,premium,,,56,72,11,,,
3798d84a-b659-4bf5-aae9-96cfddc1c241,alchemic.site,premium,,,52,6,8,,,
c146afb8-8987-456e-8675-d4ea109badcc,tibet.site,premium,,,60,88,5,,,
a8137a7f-ecee-481c-83a9-e9545306409a,podiums.site,premium,,,,28,7,,,
b7da9264-f6bd-452f-9734-624b2a9edcae,lineofthought.site,premium,,,54,72,15,,,
e104953b-186a-43ca-918d-2320a0ccb7dd,tagginginterface.site,premium,,,64,72,17,,,
36fd92a1-b01a-4543-bbb8-fc443b5251dd,pitterpatter.site,premium,,,,84,12,,,
488a8c37-ec42-43a3-8067-eef04a0b980b,brochures.site,premium,,,36,44,9,,,
93b4d943-812a-45f8-9db9-e45e38749e74,Borisbounce.site,premium,,,34,4,12,,,
f525b318-67b4-477b-bd0c-e14e2c2ed34a,copestone.site,premium,,,54,76,9,,,
2004f9bd-ce4d-453e-8460-63ae96135b73,clement.site,premium,,,56,92,7,,,
7d8deb72-d723-4157-a041-382982e38ae6,passfor.site,premium,,,,76,8,,,
7e8e1840-103a-4caa-b8a6-1d2ad78fbc5d,golden.site,premium,,,88,88,6,,,
bcb514e6-1d12-4352-9ce2-1abcbee6b9a5,pharmacist.site,premium,,,74,13,10,,,
149de470-b2e1-4684-a3e4-5cfff02d0c3f,alphaneptunium.site,premium,,,34,72,15,,,
ef3b0f2d-84e0-43fc-82d0-1693f43a3ad3,swingdoor.site,premium,,,62,72,10,,,
98ed2f4c-86f0-453c-9a4b-1ec99c7e8ea5,congolese.site,premium,,,75,76,9,,,
8fa1a1a3-cfc2-448d-86ca-a8eea516f6cd,Salvadorian.site,premium,,,74,72,11,,,
f34b2e8a-0cb7-4de4-adb5-e76bfa287789,westbank.site,premium,,,54,80,9,,,
7c262a9e-b70c-4be6-88f0-26bbb1784594,familymember.site,premium,,,62,68,13,,,
e7df04a8-bd29-459c-8c22-0e08f0908a00,bleeptest.site,premium,,,58,72,10,,,
5bd33d93-72bb-4cf5-ac72-a57da5e64beb,GreaterMiddleEast.site,premium,,,52,72,19,,,
da8d8b5c-ad02-482c-94ae-6a1e18f778e7,quintette.site,premium,,,56,72,9,,,
cede946c-7cf0-4bed-9aff-e6cea426a012,seveneighths.site,premium,,,,80,13,,,
4da1b03e-f9a5-4a62-b3a6-5b5c414fa08d,superorder.site,premium,,,58,76,10,,,
02648f5c-88f9-4841-ba03-a678cba49a87,hitback.site,premium,,,62,76,8,,,
a2fdd2ff-1b66-4c31-9f02-df81d7683386,rheinland.site,premium,,,56,80,9,,,
d4c94022-03e5-4cc4-bbd2-52cffedea4a9,mediatory.site,premium,,,52,72,9,,,
52850fe2-19b1-42bc-9eb5-1ecea2b4aeb0,glory.site,premium,,,74,24,5,,,
57a25a3e-81c3-402d-a9dd-cae4222100fa,maple.site,premium,,,66,92,5,,,
86ec0b7e-f65d-4aa7-a454-0d60c699b3ff,anime.site,premium,,,66,84,5,,,
b739c501-2063-433d-b438-4a845df3bbe1,deadpanned.site,premium,,,34,8,10,,,
baf04e33-f771-44b4-be66-784483afc4c9,warningsign.site,premium,,,56,80,12,,,
1cc020db-784e-42be-b358-5ca1e00729b6,Chineseabacus.site,premium,,,44,72,14,,,
6a247f45-6cde-417a-86c2-d447842d9dd3,nutlettuce.site,premium,,,,72,11,,,
0ecd425b-60c5-4b33-948c-b6626d4b83f5,monatomic.site,premium,,,52,72,9,,,
0a125e84-2139-4d19-8581-34bb03702c41,funnel.site,premium,,,88,88,6,,,
285f437f-8822-4df0-8b60-1f5215654a4a,matryoshkadoll.site,premium,,,68,72,15,,,
14dfa5a5-c42d-4578-a374-4b271dd1edfc,officebook.site,premium,,,,20,11,,,
97e4eea0-ba6c-496c-812f-2d896481cb7e,tiptilted.site,premium,,,52,72,10,,,
0d6ba399-923f-4c24-8213-3a84f2d51b52,mainstage.site,premium,,,84,88,9,,,
19685567-aeac-49d8-8544-8c9b1f62cb5f,smallcaps.site,premium,,,,80,10,,,
c39b88ec-d219-4d14-8440-378ea85507f1,downthetrack.site,premium,,,54,72,14,,,
85638c74-dd0c-4473-ab68-5c3a6c1a6987,contentedness.site,premium,,,60,28,13,,,
f98ce909-17de-43b2-8fcf-64ef49a7045a,BakerAct.site,premium,,,58,72,9,,,
c128a3d7-3ad0-4f63-8d54-3f5ca46a6319,leaseholding.site,premium,,,66,8,12,,,
805592e7-53bd-4b89-93eb-7f38ac0ed182,limiting.site,available,2.99,46.99,65,4,8,name.com,,
a1f54d8e-3f31-4aa0-8e29-ce6aa59a534c,onyourmark.site,premium,,,72,5,12,,,
e3483d03-693f-49a0-b2a9-2025e51bc3f8,poundcoin.site,premium,,,,72,10,,,
7efe57eb-74d5-42fb-9425-010ce4b5cf39,bodyfluid.site,premium,,,54,72,10,,,
a9704479-ada2-49bc-9df8-e4660d17d492,Honeycrisp.site,premium,,,62,84,10,,,
34ec05d9-773e-40fc-967b-273c7eae3e73,bookshy.site,premium,,,56,72,8,,,
1a60430b-d3f8-4d8f-97d0-423719971cf2,holdhands.site,premium,,,62,72,10,,,
bec0b529-dc2d-4132-919a-3210b93f6269,watervapour.site,premium,,,,8,12,,,
8b06d212-e870-4c0e-9973-96f890eb5578,vaccines.site,premium,156.25,625,,28,8,name.com,,
d5226c9a-af49-4e0d-b8a1-3f56cf74b77a,tali.site,premium,,,50,88,4,,,
d61e1e35-8c2b-42bb-9191-6b5722726e37,recurring.site,premium,,,74,92,9,,,
263051a0-5093-4b4f-9e4b-599bbad42a45,breakfastsausage.site,premium,,,72,72,17,,,
ca5a6ae6-2f75-4c0d-8c0e-2298fbc68d95,diesel.site,premium,,,82,80,6,,,
bb8051a6-d28a-4900-ac41-9026088b698f,wiper.site,premium,,,70,80,5,,,
d6fe6492-6c7c-4f52-9945-87b3421a1af1,Quebecker.site,premium,,,62,72,9,,,
5cb9fc16-c374-4426-b4bc-600d9905afe3,packagefilm.site,premium,,,56,72,12,,,
b5890c81-0a9c-4ade-b144-50eebb8bc9e4,cormose.site,premium,,,56,72,7,,,
1f8b3ea8-f094-4341-924d-ce57918dd5bd,goldstandard.site,premium,,,70,80,13,,,
9a78ce15-990e-4b6d-b06d-c5f39af17e68,sleb.site,premium,,,58,72,4,,,
432c6df5-91be-4ba9-ad9d-c6bb3aabafff,Mainelobster.site,premium,,,70,84,13,,,
23f1bd1e-f700-4e59-9294-22597432c71e,tanride.site,premium,,,60,72,8,,,
44767700-f651-4ae9-9c2f-74ccc22898c5,mothlike.site,premium,,,54,80,8,,,
71474e4d-343f-4171-a56e-f16a9ad05ef0,calloption.site,premium,,,58,72,11,,,
8a3df9ae-de07-4ed1-8931-792b32a18718,withoutascratch.site,premium,,,66,72,17,,,
5d603a42-53e3-4a05-84de-7ef0e2eb56b9,satfat.site,premium,,,66,1,7,,,
07310601-9891-479f-b69d-0879f21f27f5,pleadingly.site,premium,,,52,72,10,,,
3b19f231-da2a-438d-a1e2-5290108dd484,caterpillarroll.site,premium,,,66,72,16,,,
04b03b5f-9b7f-48af-a64c-ddb56d35675f,vast.site,premium,,,76,31,4,,,
d533d685-7686-4c07-b08d-d735f90005df,boxingweek.site,premium,,,64,72,11,,,
9fef3452-7492-483d-ab87-8b4cde2917bd,ruminants.site,premium,,,,12,9,,,
aadcf763-7c92-4608-b2a0-a9b1e1338f4f,graycobalt.site,premium,,,34,72,11,,,
0524fb66-b72d-4cc7-919e-6e971ba8a383,comprises.site,premium,,,36,12,9,,,
0144f096-9c53-4534-8e6c-625b2fbddd35,cashiers.site,premium,,,46,28,8,,,
39852436-141e-4c0a-a7ae-f49676316b58,humancondition.site,premium,,,54,92,15,,,
db201a46-c455-4fe2-9c2f-a14c8e610520,subvariety.site,premium,,,54,72,10,,,
493be6bd-398f-4a64-ba12-6548aa72c071,irritate.site,premium,,,60,2,8,,,
c301d7bf-7e43-4d2e-961a-efdc69690517,lemonyellow.site,premium,,,44,76,12,,,
7c21163e-d1ee-422d-a88e-03d38f0c1eaa,PersonCounty.site,premium,,,,12,13,,,
f304e7d0-55b6-46a4-93a5-6b4dc5b7d793,Irishpotato.site,premium,,,72,72,12,,,
bb75ff33-993a-4fcd-9019-f99cccde093d,ultimates.site,premium,,,,24,9,,,
8673e59b-e570-4eca-98fb-98045abbe230,enclosed.site,premium,,,56,80,8,,,
96c96b59-b3f7-43b7-8a1d-10b6a67f9297,newsitem.site,premium,,,62,72,9,,,
3346d154-d200-4981-8757-3432d4458399,winetears.site,premium,,,,72,10,,,
cd150690-c5cd-464e-9170-9ecee436f20c,SoutheastAsia.site,premium,,,,80,14,,,
1870b580-f932-43ed-869d-654b8ab8a962,TurkeyDay.site,premium,,,,76,10,,,
cf9a9966-90e6-4feb-b1f3-195c18c6be41,dent.site,premium,,,62,80,4,,,
7c5c8c33-fb8e-4031-82ce-138383f72c24,tomboys.site,premium,,,,28,7,,,
df7b9d57-f4c2-4e7e-bc7c-cf5600d4174f,hottoddy.site,premium,,,70,76,9,,,
50438bd1-b001-4efe-ab00-f7a79472716c,rooflike.site,premium,,,56,76,8,,,
6334f2f4-fddb-4050-a8cf-7d2829e54765,Ofcom.site,premium,,,54,76,5,,,
758bfad4-49a5-41df-853b-f050f868a575,crux.site,premium,,,50,80,4,,,
79b5c0a1-b8ce-4caa-8187-9f52d42cba58,maketrialof.site,premium,,,64,72,13,,,
570fde71-adfe-4ba7-be0f-adcd36af158f,flora.site,premium,,,52,84,5,,,
0cfec9f2-8bfb-4390-b312-8fde2cda622a,sweater.site,premium,,,94,88,7,,,
056a644b-905a-4441-93c4-7518b24a084e,relishing.site,premium,,,62,72,9,,,
48fb2014-e966-4f2b-9093-bbd9a3aaad33,Wikipedialike.site,premium,,,62,72,13,,,
e99eb8d8-bbbb-4bcd-9aba-c81a6ee1fcc4,buggy.site,premium,,,84,19,5,,,
3d741bef-80ed-4ab4-a78d-9314406f63f0,reissued.site,premium,,,,20,8,,,
9921d854-0fb5-48d8-9e27-b8a2a0c1b6cb,eshopping.site,premium,,,68,40,10,,,
d982ab6c-75ac-440a-819c-41d4b47fe385,twopenny.site,premium,,,72,80,8,,,
6947acc9-1954-48b3-a24f-aabd3711ad11,hologram.site,premium,,,62,92,8,,,